-- --------------------------------------------------------
-- Host:                         127.0.0.1
-- Server version:               8.0.41 - MySQL Community Server - GPL
-- Server OS:                    Win64
-- HeidiSQL Version:             12.1.0.6537
-- --------------------------------------------------------

/*!40101 SET @OLD_CHARACTER_SET_CLIENT=@@CHARACTER_SET_CLIENT */;
/*!40101 SET NAMES utf8 */;
/*!50503 SET NAMES utf8mb4 */;
/*!40103 SET @OLD_TIME_ZONE=@@TIME_ZONE */;
/*!40103 SET TIME_ZONE='+00:00' */;
/*!40014 SET @OLD_FOREIGN_KEY_CHECKS=@@FOREIGN_KEY_CHECKS, FOREIGN_KEY_CHECKS=0 */;
/*!40101 SET @OLD_SQL_MODE=@@SQL_MODE, SQL_MODE='NO_AUTO_VALUE_ON_ZERO' */;
/*!40111 SET @OLD_SQL_NOTES=@@SQL_NOTES, SQL_NOTES=0 */;

-- Dumping structure for table websourcecode.cache
DROP TABLE IF EXISTS `cache`;
CREATE TABLE IF NOT EXISTS `cache` (
  `key` varchar(255) COLLATE utf8mb4_unicode_ci NOT NULL,
  `value` mediumtext COLLATE utf8mb4_unicode_ci NOT NULL,
  `expiration` int NOT NULL,
  PRIMARY KEY (`key`)
) ENGINE=InnoDB DEFAULT CHARSET=utf8mb4 COLLATE=utf8mb4_unicode_ci;

-- Dumping data for table websourcecode.cache: ~8 rows (approximately)
INSERT INTO `cache` (`key`, `value`, `expiration`) VALUES
	('laravel_cache_008ebb262a8931ed29c48e18916e55fa', 'i:1;', 1751419443),
	('laravel_cache_008ebb262a8931ed29c48e18916e55fa:timer', 'i:1751419443;', 1751419443),
	('laravel_cache_4dd8f7994d73a86697afd55881395df7', 'i:1;', 1751854261),
	('laravel_cache_4dd8f7994d73a86697afd55881395df7:timer', 'i:1751854261;', 1751854261),
	('laravel_cache_c952437a2efdcfd56c8e58f227e762ce', 'i:1;', 1751530455),
	('laravel_cache_c952437a2efdcfd56c8e58f227e762ce:timer', 'i:1751530455;', 1751530455),
	('laravel_cache_cf5476903ccd854d3219b1365f2f6428', 'i:1;', 1751597581),
	('laravel_cache_cf5476903ccd854d3219b1365f2f6428:timer', 'i:1751597581;', 1751597581),
	('laravel_cache_f3b607a36301947b0cd672cbee7f4b38', 'i:1;', 1751530392),
	('laravel_cache_f3b607a36301947b0cd672cbee7f4b38:timer', 'i:1751530392;', 1751530392);

-- Dumping structure for table websourcecode.cache_locks
DROP TABLE IF EXISTS `cache_locks`;
CREATE TABLE IF NOT EXISTS `cache_locks` (
  `key` varchar(255) COLLATE utf8mb4_unicode_ci NOT NULL,
  `owner` varchar(255) COLLATE utf8mb4_unicode_ci NOT NULL,
  `expiration` int NOT NULL,
  PRIMARY KEY (`key`)
) ENGINE=InnoDB DEFAULT CHARSET=utf8mb4 COLLATE=utf8mb4_unicode_ci;

-- Dumping data for table websourcecode.cache_locks: ~0 rows (approximately)

-- Dumping structure for table websourcecode.categories
DROP TABLE IF EXISTS `categories`;
CREATE TABLE IF NOT EXISTS `categories` (
  `id` bigint unsigned NOT NULL AUTO_INCREMENT,
  `name` varchar(255) COLLATE utf8mb4_unicode_ci NOT NULL,
  `slug` varchar(255) COLLATE utf8mb4_unicode_ci NOT NULL,
  `created_at` timestamp NULL DEFAULT NULL,
  `updated_at` timestamp NULL DEFAULT NULL,
  PRIMARY KEY (`id`),
  UNIQUE KEY `categories_slug_unique` (`slug`)
) ENGINE=InnoDB AUTO_INCREMENT=7 DEFAULT CHARSET=utf8mb4 COLLATE=utf8mb4_unicode_ci;

-- Dumping data for table websourcecode.categories: ~5 rows (approximately)
INSERT INTO `categories` (`id`, `name`, `slug`, `created_at`, `updated_at`) VALUES
	(1, 'Source code', 'source-code', '2025-06-30 00:36:00', '2025-06-30 00:36:00'),
	(2, 'Tutorial', 'tutorial', '2025-06-30 00:36:00', '2025-06-30 00:36:00'),
	(3, 'Artikel', 'artikel', '2025-06-30 00:36:00', '2025-06-30 00:36:00'),
	(4, 'Tips & Tricks', 'tips-tricks', '2025-06-30 00:36:00', '2025-06-30 00:36:00'),
	(5, 'Berita', 'berita', '2025-06-30 00:36:00', '2025-06-30 00:36:00'),
	(6, 'software', 'software', '2025-07-03 21:26:08', '2025-07-03 21:26:08');

-- Dumping structure for table websourcecode.comments
DROP TABLE IF EXISTS `comments`;
CREATE TABLE IF NOT EXISTS `comments` (
  `id` bigint unsigned NOT NULL AUTO_INCREMENT,
  `post_id` bigint unsigned NOT NULL,
  `user_id` bigint unsigned NOT NULL,
  `content` text COLLATE utf8mb4_unicode_ci NOT NULL,
  `created_at` timestamp NULL DEFAULT NULL,
  `updated_at` timestamp NULL DEFAULT NULL,
  PRIMARY KEY (`id`),
  KEY `comments_post_id_foreign` (`post_id`),
  KEY `comments_user_id_foreign` (`user_id`),
  CONSTRAINT `comments_post_id_foreign` FOREIGN KEY (`post_id`) REFERENCES `posts` (`id`) ON DELETE CASCADE,
  CONSTRAINT `comments_user_id_foreign` FOREIGN KEY (`user_id`) REFERENCES `users` (`id`) ON DELETE CASCADE
) ENGINE=InnoDB AUTO_INCREMENT=180 DEFAULT CHARSET=utf8mb4 COLLATE=utf8mb4_unicode_ci;

-- Dumping data for table websourcecode.comments: ~171 rows (approximately)
INSERT INTO `comments` (`id`, `post_id`, `user_id`, `content`, `created_at`, `updated_at`) VALUES
	(1, 1, 6, 'Komentar ke-1 di post 1', '2025-06-30 00:36:00', '2025-06-30 00:36:00'),
	(2, 1, 6, 'Komentar ke-2 di post 1', '2025-06-30 00:36:00', '2025-06-30 00:36:00'),
	(3, 1, 9, 'Komentar ke-3 di post 1', '2025-06-30 00:36:00', '2025-06-30 00:36:00'),
	(4, 1, 5, 'Komentar ke-4 di post 1', '2025-06-30 00:36:00', '2025-06-30 00:36:00'),
	(5, 2, 11, 'Komentar ke-1 di post 2', '2025-06-30 00:36:01', '2025-06-30 00:36:01'),
	(6, 2, 7, 'Komentar ke-2 di post 2', '2025-06-30 00:36:01', '2025-06-30 00:36:01'),
	(7, 2, 11, 'Komentar ke-3 di post 2', '2025-06-30 00:36:01', '2025-06-30 00:36:01'),
	(8, 2, 3, 'Komentar ke-4 di post 2', '2025-06-30 00:36:01', '2025-06-30 00:36:01'),
	(9, 2, 10, 'Komentar ke-5 di post 2', '2025-06-30 00:36:01', '2025-06-30 00:36:01'),
	(10, 3, 9, 'Komentar ke-1 di post 3', '2025-06-30 00:36:01', '2025-06-30 00:36:01'),
	(11, 3, 8, 'Komentar ke-2 di post 3', '2025-06-30 00:36:01', '2025-06-30 00:36:01'),
	(12, 3, 6, 'Komentar ke-3 di post 3', '2025-06-30 00:36:01', '2025-06-30 00:36:01'),
	(13, 4, 8, 'Komentar ke-1 di post 4', '2025-06-30 00:36:01', '2025-06-30 00:36:01'),
	(14, 4, 1, 'Komentar ke-2 di post 4', '2025-06-30 00:36:01', '2025-06-30 00:36:01'),
	(15, 4, 8, 'Komentar ke-3 di post 4', '2025-06-30 00:36:01', '2025-06-30 00:36:01'),
	(16, 4, 7, 'Komentar ke-4 di post 4', '2025-06-30 00:36:01', '2025-06-30 00:36:01'),
	(17, 5, 10, 'Komentar ke-1 di post 5', '2025-06-30 00:36:01', '2025-06-30 00:36:01'),
	(18, 5, 8, 'Komentar ke-2 di post 5', '2025-06-30 00:36:01', '2025-06-30 00:36:01'),
	(19, 5, 1, 'Komentar ke-3 di post 5', '2025-06-30 00:36:01', '2025-06-30 00:36:01'),
	(20, 5, 9, 'Komentar ke-4 di post 5', '2025-06-30 00:36:01', '2025-06-30 00:36:01'),
	(21, 5, 8, 'Komentar ke-5 di post 5', '2025-06-30 00:36:01', '2025-06-30 00:36:01'),
	(22, 6, 3, 'Komentar ke-1 di post 6', '2025-06-30 00:36:01', '2025-06-30 00:36:01'),
	(23, 6, 10, 'Komentar ke-2 di post 6', '2025-06-30 00:36:01', '2025-06-30 00:36:01'),
	(24, 7, 5, 'Komentar ke-1 di post 7', '2025-06-30 00:36:01', '2025-06-30 00:36:01'),
	(25, 7, 11, 'Komentar ke-2 di post 7', '2025-06-30 00:36:01', '2025-06-30 00:36:01'),
	(26, 8, 1, 'Komentar ke-1 di post 8', '2025-06-30 00:36:01', '2025-06-30 00:36:01'),
	(27, 8, 5, 'Komentar ke-2 di post 8', '2025-06-30 00:36:01', '2025-06-30 00:36:01'),
	(28, 8, 10, 'Komentar ke-3 di post 8', '2025-06-30 00:36:01', '2025-06-30 00:36:01'),
	(29, 8, 11, 'Komentar ke-4 di post 8', '2025-06-30 00:36:01', '2025-06-30 00:36:01'),
	(30, 9, 10, 'Komentar ke-1 di post 9', '2025-06-30 00:36:01', '2025-06-30 00:36:01'),
	(31, 9, 10, 'Komentar ke-2 di post 9', '2025-06-30 00:36:01', '2025-06-30 00:36:01'),
	(32, 9, 5, 'Komentar ke-3 di post 9', '2025-06-30 00:36:01', '2025-06-30 00:36:01'),
	(33, 9, 7, 'Komentar ke-4 di post 9', '2025-06-30 00:36:01', '2025-06-30 00:36:01'),
	(34, 10, 5, 'Komentar ke-1 di post 10', '2025-06-30 00:36:01', '2025-06-30 00:36:01'),
	(35, 10, 2, 'Komentar ke-2 di post 10', '2025-06-30 00:36:01', '2025-06-30 00:36:01'),
	(36, 10, 6, 'Komentar ke-3 di post 10', '2025-06-30 00:36:01', '2025-06-30 00:36:01'),
	(37, 10, 10, 'Komentar ke-4 di post 10', '2025-06-30 00:36:01', '2025-06-30 00:36:01'),
	(38, 11, 11, 'Komentar ke-1 di post 11', '2025-06-30 00:36:01', '2025-06-30 00:36:01'),
	(39, 11, 7, 'Komentar ke-2 di post 11', '2025-06-30 00:36:01', '2025-06-30 00:36:01'),
	(40, 11, 3, 'Komentar ke-3 di post 11', '2025-06-30 00:36:01', '2025-06-30 00:36:01'),
	(41, 12, 9, 'Komentar ke-1 di post 12', '2025-06-30 00:36:01', '2025-06-30 00:36:01'),
	(42, 12, 7, 'Komentar ke-2 di post 12', '2025-06-30 00:36:01', '2025-06-30 00:36:01'),
	(43, 12, 7, 'Komentar ke-3 di post 12', '2025-06-30 00:36:01', '2025-06-30 00:36:01'),
	(44, 13, 11, 'Komentar ke-1 di post 13', '2025-06-30 00:36:01', '2025-06-30 00:36:01'),
	(45, 13, 3, 'Komentar ke-2 di post 13', '2025-06-30 00:36:01', '2025-06-30 00:36:01'),
	(46, 13, 6, 'Komentar ke-3 di post 13', '2025-06-30 00:36:01', '2025-06-30 00:36:01'),
	(47, 13, 9, 'Komentar ke-4 di post 13', '2025-06-30 00:36:01', '2025-06-30 00:36:01'),
	(48, 14, 1, 'Komentar ke-1 di post 14', '2025-06-30 00:36:01', '2025-06-30 00:36:01'),
	(49, 14, 2, 'Komentar ke-2 di post 14', '2025-06-30 00:36:01', '2025-06-30 00:36:01'),
	(50, 15, 1, 'Komentar ke-1 di post 15', '2025-06-30 00:36:01', '2025-06-30 00:36:01'),
	(51, 15, 10, 'Komentar ke-2 di post 15', '2025-06-30 00:36:01', '2025-06-30 00:36:01'),
	(52, 16, 9, 'Komentar ke-1 di post 16', '2025-06-30 00:36:01', '2025-06-30 00:36:01'),
	(53, 16, 7, 'Komentar ke-2 di post 16', '2025-06-30 00:36:01', '2025-06-30 00:36:01'),
	(54, 16, 3, 'Komentar ke-3 di post 16', '2025-06-30 00:36:01', '2025-06-30 00:36:01'),
	(55, 16, 1, 'Komentar ke-4 di post 16', '2025-06-30 00:36:01', '2025-06-30 00:36:01'),
	(56, 17, 2, 'Komentar ke-1 di post 17', '2025-06-30 00:36:01', '2025-06-30 00:36:01'),
	(57, 17, 6, 'Komentar ke-2 di post 17', '2025-06-30 00:36:01', '2025-06-30 00:36:01'),
	(58, 18, 5, 'Komentar ke-1 di post 18', '2025-06-30 00:36:01', '2025-06-30 00:36:01'),
	(59, 18, 7, 'Komentar ke-2 di post 18', '2025-06-30 00:36:01', '2025-06-30 00:36:01'),
	(60, 18, 2, 'Komentar ke-3 di post 18', '2025-06-30 00:36:01', '2025-06-30 00:36:01'),
	(61, 18, 10, 'Komentar ke-4 di post 18', '2025-06-30 00:36:01', '2025-06-30 00:36:01'),
	(62, 18, 10, 'Komentar ke-5 di post 18', '2025-06-30 00:36:01', '2025-06-30 00:36:01'),
	(63, 19, 1, 'Komentar ke-1 di post 19', '2025-06-30 00:36:01', '2025-06-30 00:36:01'),
	(64, 19, 4, 'Komentar ke-2 di post 19', '2025-06-30 00:36:01', '2025-06-30 00:36:01'),
	(65, 19, 8, 'Komentar ke-3 di post 19', '2025-06-30 00:36:01', '2025-06-30 00:36:01'),
	(66, 20, 7, 'Komentar ke-1 di post 20', '2025-06-30 00:36:01', '2025-06-30 00:36:01'),
	(67, 20, 7, 'Komentar ke-2 di post 20', '2025-06-30 00:36:01', '2025-06-30 00:36:01'),
	(68, 21, 9, 'Komentar ke-1 di post 21', '2025-06-30 00:36:01', '2025-06-30 00:36:01'),
	(69, 21, 9, 'Komentar ke-2 di post 21', '2025-06-30 00:36:01', '2025-06-30 00:36:01'),
	(70, 21, 8, 'Komentar ke-3 di post 21', '2025-06-30 00:36:01', '2025-06-30 00:36:01'),
	(71, 22, 8, 'Komentar ke-1 di post 22', '2025-06-30 00:36:01', '2025-06-30 00:36:01'),
	(72, 22, 3, 'Komentar ke-2 di post 22', '2025-06-30 00:36:01', '2025-06-30 00:36:01'),
	(73, 22, 4, 'Komentar ke-3 di post 22', '2025-06-30 00:36:01', '2025-06-30 00:36:01'),
	(74, 22, 4, 'Komentar ke-4 di post 22', '2025-06-30 00:36:01', '2025-06-30 00:36:01'),
	(75, 23, 5, 'Komentar ke-1 di post 23', '2025-06-30 00:36:02', '2025-06-30 00:36:02'),
	(76, 23, 6, 'Komentar ke-2 di post 23', '2025-06-30 00:36:02', '2025-06-30 00:36:02'),
	(77, 23, 6, 'Komentar ke-3 di post 23', '2025-06-30 00:36:02', '2025-06-30 00:36:02'),
	(78, 23, 7, 'Komentar ke-4 di post 23', '2025-06-30 00:36:02', '2025-06-30 00:36:02'),
	(79, 23, 10, 'Komentar ke-5 di post 23', '2025-06-30 00:36:02', '2025-06-30 00:36:02'),
	(80, 24, 8, 'Komentar ke-1 di post 24', '2025-06-30 00:36:02', '2025-06-30 00:36:02'),
	(81, 24, 11, 'Komentar ke-2 di post 24', '2025-06-30 00:36:02', '2025-06-30 00:36:02'),
	(82, 25, 2, 'Komentar ke-1 di post 25', '2025-06-30 00:36:02', '2025-06-30 00:36:02'),
	(83, 25, 3, 'Komentar ke-2 di post 25', '2025-06-30 00:36:02', '2025-06-30 00:36:02'),
	(84, 25, 6, 'Komentar ke-3 di post 25', '2025-06-30 00:36:02', '2025-06-30 00:36:02'),
	(85, 25, 6, 'Komentar ke-4 di post 25', '2025-06-30 00:36:02', '2025-06-30 00:36:02'),
	(86, 26, 8, 'Komentar ke-1 di post 26', '2025-06-30 00:36:02', '2025-06-30 00:36:02'),
	(87, 26, 5, 'Komentar ke-2 di post 26', '2025-06-30 00:36:02', '2025-06-30 00:36:02'),
	(88, 26, 11, 'Komentar ke-3 di post 26', '2025-06-30 00:36:02', '2025-06-30 00:36:02'),
	(89, 27, 11, 'Komentar ke-1 di post 27', '2025-06-30 00:36:02', '2025-06-30 00:36:02'),
	(90, 27, 10, 'Komentar ke-2 di post 27', '2025-06-30 00:36:02', '2025-06-30 00:36:02'),
	(91, 27, 3, 'Komentar ke-3 di post 27', '2025-06-30 00:36:02', '2025-06-30 00:36:02'),
	(92, 27, 4, 'Komentar ke-4 di post 27', '2025-06-30 00:36:02', '2025-06-30 00:36:02'),
	(93, 27, 7, 'Komentar ke-5 di post 27', '2025-06-30 00:36:02', '2025-06-30 00:36:02'),
	(94, 28, 6, 'Komentar ke-1 di post 28', '2025-06-30 00:36:02', '2025-06-30 00:36:02'),
	(95, 28, 5, 'Komentar ke-2 di post 28', '2025-06-30 00:36:02', '2025-06-30 00:36:02'),
	(96, 28, 11, 'Komentar ke-3 di post 28', '2025-06-30 00:36:02', '2025-06-30 00:36:02'),
	(97, 28, 5, 'Komentar ke-4 di post 28', '2025-06-30 00:36:02', '2025-06-30 00:36:02'),
	(98, 28, 7, 'Komentar ke-5 di post 28', '2025-06-30 00:36:02', '2025-06-30 00:36:02'),
	(99, 29, 7, 'Komentar ke-1 di post 29', '2025-06-30 00:36:02', '2025-06-30 00:36:02'),
	(100, 29, 4, 'Komentar ke-2 di post 29', '2025-06-30 00:36:02', '2025-06-30 00:36:02'),
	(101, 30, 6, 'Komentar ke-1 di post 30', '2025-06-30 00:36:02', '2025-06-30 00:36:02'),
	(102, 30, 4, 'Komentar ke-2 di post 30', '2025-06-30 00:36:02', '2025-06-30 00:36:02'),
	(103, 30, 7, 'Komentar ke-3 di post 30', '2025-06-30 00:36:02', '2025-06-30 00:36:02'),
	(104, 30, 5, 'Komentar ke-4 di post 30', '2025-06-30 00:36:02', '2025-06-30 00:36:02'),
	(105, 31, 1, 'Komentar ke-1 di post 31', '2025-06-30 00:36:02', '2025-06-30 00:36:02'),
	(106, 31, 3, 'Komentar ke-2 di post 31', '2025-06-30 00:36:02', '2025-06-30 00:36:02'),
	(107, 32, 7, 'Komentar ke-1 di post 32', '2025-06-30 00:36:02', '2025-06-30 00:36:02'),
	(108, 32, 2, 'Komentar ke-2 di post 32', '2025-06-30 00:36:02', '2025-06-30 00:36:02'),
	(109, 32, 11, 'Komentar ke-3 di post 32', '2025-06-30 00:36:02', '2025-06-30 00:36:02'),
	(110, 32, 4, 'Komentar ke-4 di post 32', '2025-06-30 00:36:02', '2025-06-30 00:36:02'),
	(111, 33, 11, 'Komentar ke-1 di post 33', '2025-06-30 00:36:02', '2025-06-30 00:36:02'),
	(112, 33, 5, 'Komentar ke-2 di post 33', '2025-06-30 00:36:02', '2025-06-30 00:36:02'),
	(113, 34, 6, 'Komentar ke-1 di post 34', '2025-06-30 00:36:02', '2025-06-30 00:36:02'),
	(114, 34, 1, 'Komentar ke-2 di post 34', '2025-06-30 00:36:02', '2025-06-30 00:36:02'),
	(115, 34, 3, 'Komentar ke-3 di post 34', '2025-06-30 00:36:02', '2025-06-30 00:36:02'),
	(116, 35, 6, 'Komentar ke-1 di post 35', '2025-06-30 00:36:02', '2025-06-30 00:36:02'),
	(117, 35, 4, 'Komentar ke-2 di post 35', '2025-06-30 00:36:02', '2025-06-30 00:36:02'),
	(118, 35, 6, 'Komentar ke-3 di post 35', '2025-06-30 00:36:02', '2025-06-30 00:36:02'),
	(119, 35, 9, 'Komentar ke-4 di post 35', '2025-06-30 00:36:02', '2025-06-30 00:36:02'),
	(120, 35, 11, 'Komentar ke-5 di post 35', '2025-06-30 00:36:02', '2025-06-30 00:36:02'),
	(121, 36, 11, 'Komentar ke-1 di post 36', '2025-06-30 00:36:02', '2025-06-30 00:36:02'),
	(122, 36, 9, 'Komentar ke-2 di post 36', '2025-06-30 00:36:02', '2025-06-30 00:36:02'),
	(123, 36, 7, 'Komentar ke-3 di post 36', '2025-06-30 00:36:02', '2025-06-30 00:36:02'),
	(124, 37, 11, 'Komentar ke-1 di post 37', '2025-06-30 00:36:02', '2025-06-30 00:36:02'),
	(125, 37, 5, 'Komentar ke-2 di post 37', '2025-06-30 00:36:02', '2025-06-30 00:36:02'),
	(126, 37, 9, 'Komentar ke-3 di post 37', '2025-06-30 00:36:02', '2025-06-30 00:36:02'),
	(127, 38, 1, 'Komentar ke-1 di post 38', '2025-06-30 00:36:02', '2025-06-30 00:36:02'),
	(128, 38, 5, 'Komentar ke-2 di post 38', '2025-06-30 00:36:02', '2025-06-30 00:36:02'),
	(129, 38, 11, 'Komentar ke-3 di post 38', '2025-06-30 00:36:02', '2025-06-30 00:36:02'),
	(130, 38, 2, 'Komentar ke-4 di post 38', '2025-06-30 00:36:02', '2025-06-30 00:36:02'),
	(131, 39, 6, 'Komentar ke-1 di post 39', '2025-06-30 00:36:02', '2025-06-30 00:36:02'),
	(132, 39, 1, 'Komentar ke-2 di post 39', '2025-06-30 00:36:02', '2025-06-30 00:36:02'),
	(133, 40, 11, 'Komentar ke-1 di post 40', '2025-06-30 00:36:02', '2025-06-30 00:36:02'),
	(134, 40, 9, 'Komentar ke-2 di post 40', '2025-06-30 00:36:02', '2025-06-30 00:36:02'),
	(135, 41, 11, 'Komentar ke-1 di post 41', '2025-06-30 00:36:02', '2025-06-30 00:36:02'),
	(136, 41, 2, 'Komentar ke-2 di post 41', '2025-06-30 00:36:02', '2025-06-30 00:36:02'),
	(137, 42, 2, 'Komentar ke-1 di post 42', '2025-06-30 00:36:02', '2025-06-30 00:36:02'),
	(138, 42, 11, 'Komentar ke-2 di post 42', '2025-06-30 00:36:02', '2025-06-30 00:36:02'),
	(139, 42, 8, 'Komentar ke-3 di post 42', '2025-06-30 00:36:02', '2025-06-30 00:36:02'),
	(140, 42, 7, 'Komentar ke-4 di post 42', '2025-06-30 00:36:02', '2025-06-30 00:36:02'),
	(141, 43, 6, 'Komentar ke-1 di post 43', '2025-06-30 00:36:02', '2025-06-30 00:36:02'),
	(142, 43, 1, 'Komentar ke-2 di post 43', '2025-06-30 00:36:03', '2025-06-30 00:36:03'),
	(143, 43, 9, 'Komentar ke-3 di post 43', '2025-06-30 00:36:03', '2025-06-30 00:36:03'),
	(144, 43, 5, 'Komentar ke-4 di post 43', '2025-06-30 00:36:03', '2025-06-30 00:36:03'),
	(145, 44, 10, 'Komentar ke-1 di post 44', '2025-06-30 00:36:03', '2025-06-30 00:36:03'),
	(146, 44, 7, 'Komentar ke-2 di post 44', '2025-06-30 00:36:03', '2025-06-30 00:36:03'),
	(147, 44, 11, 'Komentar ke-3 di post 44', '2025-06-30 00:36:03', '2025-06-30 00:36:03'),
	(148, 44, 6, 'Komentar ke-4 di post 44', '2025-06-30 00:36:03', '2025-06-30 00:36:03'),
	(149, 44, 11, 'Komentar ke-5 di post 44', '2025-06-30 00:36:03', '2025-06-30 00:36:03'),
	(150, 45, 5, 'Komentar ke-1 di post 45', '2025-06-30 00:36:03', '2025-06-30 00:36:03'),
	(151, 45, 10, 'Komentar ke-2 di post 45', '2025-06-30 00:36:03', '2025-06-30 00:36:03'),
	(152, 45, 6, 'Komentar ke-3 di post 45', '2025-06-30 00:36:03', '2025-06-30 00:36:03'),
	(153, 45, 8, 'Komentar ke-4 di post 45', '2025-06-30 00:36:03', '2025-06-30 00:36:03'),
	(154, 46, 3, 'Komentar ke-1 di post 46', '2025-06-30 00:36:03', '2025-06-30 00:36:03'),
	(155, 46, 10, 'Komentar ke-2 di post 46', '2025-06-30 00:36:03', '2025-06-30 00:36:03'),
	(156, 47, 3, 'Komentar ke-1 di post 47', '2025-06-30 00:36:03', '2025-06-30 00:36:03'),
	(157, 47, 2, 'Komentar ke-2 di post 47', '2025-06-30 00:36:03', '2025-06-30 00:36:03'),
	(158, 48, 7, 'Komentar ke-1 di post 48', '2025-06-30 00:36:03', '2025-06-30 00:36:03'),
	(159, 48, 11, 'Komentar ke-2 di post 48', '2025-06-30 00:36:03', '2025-06-30 00:36:03'),
	(160, 48, 4, 'Komentar ke-3 di post 48', '2025-06-30 00:36:03', '2025-06-30 00:36:03'),
	(161, 48, 5, 'Komentar ke-4 di post 48', '2025-06-30 00:36:03', '2025-06-30 00:36:03'),
	(162, 49, 2, 'Komentar ke-1 di post 49', '2025-06-30 00:36:03', '2025-06-30 00:36:03'),
	(163, 49, 1, 'Komentar ke-2 di post 49', '2025-06-30 00:36:03', '2025-06-30 00:36:03'),
	(164, 49, 2, 'Komentar ke-3 di post 49', '2025-06-30 00:36:03', '2025-06-30 00:36:03'),
	(165, 49, 9, 'Komentar ke-4 di post 49', '2025-06-30 00:36:03', '2025-06-30 00:36:03'),
	(166, 49, 2, 'Komentar ke-5 di post 49', '2025-06-30 00:36:03', '2025-06-30 00:36:03'),
	(167, 50, 11, 'Komentar ke-1 di post 50', '2025-06-30 00:36:03', '2025-06-30 00:36:03'),
	(168, 50, 8, 'Komentar ke-2 di post 50', '2025-06-30 00:36:03', '2025-06-30 00:36:03'),
	(169, 50, 11, 'Komentar ke-3 di post 50', '2025-06-30 00:36:03', '2025-06-30 00:36:03'),
	(170, 50, 7, 'Komentar ke-4 di post 50', '2025-06-30 00:36:03', '2025-06-30 00:36:03'),
	(171, 50, 1, 'Komentar ke-5 di post 50', '2025-06-30 00:36:03', '2025-06-30 00:36:03'),
	(172, 52, 2, 'tesss', '2025-07-01 21:58:07', '2025-07-01 21:58:07'),
	(173, 52, 2, 'tes lagi yaa', '2025-07-01 22:00:09', '2025-07-01 22:00:09'),
	(174, 52, 2, 'tes lagi lagiiii', '2025-07-01 22:01:28', '2025-07-01 22:01:28'),
	(175, 52, 2, 'halo lagi', '2025-07-01 22:03:22', '2025-07-01 22:03:22'),
	(176, 52, 2, 'bcddd', '2025-07-01 22:51:46', '2025-07-01 22:51:46'),
	(177, 52, 2, 'halo beb', '2025-07-01 22:54:45', '2025-07-01 22:54:45'),
	(178, 54, 2, 'aplikais apa itu bang', '2025-07-02 23:36:46', '2025-07-02 23:36:46'),
	(179, 54, 13, 'apasih gajelas loe', '2025-07-03 01:12:43', '2025-07-03 01:12:43');

-- Dumping structure for table websourcecode.comment_replies
DROP TABLE IF EXISTS `comment_replies`;
CREATE TABLE IF NOT EXISTS `comment_replies` (
  `id` bigint unsigned NOT NULL AUTO_INCREMENT,
  `comment_id` bigint unsigned NOT NULL,
  `user_id` bigint unsigned NOT NULL,
  `content` text COLLATE utf8mb4_unicode_ci NOT NULL,
  `created_at` timestamp NULL DEFAULT NULL,
  `updated_at` timestamp NULL DEFAULT NULL,
  PRIMARY KEY (`id`),
  KEY `comment_replies_comment_id_foreign` (`comment_id`),
  KEY `comment_replies_user_id_foreign` (`user_id`),
  CONSTRAINT `comment_replies_comment_id_foreign` FOREIGN KEY (`comment_id`) REFERENCES `comments` (`id`) ON DELETE CASCADE,
  CONSTRAINT `comment_replies_user_id_foreign` FOREIGN KEY (`user_id`) REFERENCES `users` (`id`) ON DELETE CASCADE
) ENGINE=InnoDB AUTO_INCREMENT=355 DEFAULT CHARSET=utf8mb4 COLLATE=utf8mb4_unicode_ci;

-- Dumping data for table websourcecode.comment_replies: ~350 rows (approximately)
INSERT INTO `comment_replies` (`id`, `comment_id`, `user_id`, `content`, `created_at`, `updated_at`) VALUES
	(1, 1, 1, 'Balasan ke-1 untuk komentar ke-1 di post 1', '2025-06-30 00:36:00', '2025-06-30 00:36:00'),
	(2, 2, 2, 'Balasan ke-1 untuk komentar ke-2 di post 1', '2025-06-30 00:36:00', '2025-06-30 00:36:00'),
	(3, 2, 1, 'Balasan ke-2 untuk komentar ke-2 di post 1', '2025-06-30 00:36:00', '2025-06-30 00:36:00'),
	(4, 2, 1, 'Balasan ke-3 untuk komentar ke-2 di post 1', '2025-06-30 00:36:00', '2025-06-30 00:36:00'),
	(5, 3, 3, 'Balasan ke-1 untuk komentar ke-3 di post 1', '2025-06-30 00:36:00', '2025-06-30 00:36:00'),
	(6, 3, 10, 'Balasan ke-2 untuk komentar ke-3 di post 1', '2025-06-30 00:36:00', '2025-06-30 00:36:00'),
	(7, 4, 3, 'Balasan ke-1 untuk komentar ke-4 di post 1', '2025-06-30 00:36:00', '2025-06-30 00:36:00'),
	(8, 4, 4, 'Balasan ke-2 untuk komentar ke-4 di post 1', '2025-06-30 00:36:00', '2025-06-30 00:36:00'),
	(9, 5, 11, 'Balasan ke-1 untuk komentar ke-1 di post 2', '2025-06-30 00:36:01', '2025-06-30 00:36:01'),
	(10, 6, 1, 'Balasan ke-1 untuk komentar ke-2 di post 2', '2025-06-30 00:36:01', '2025-06-30 00:36:01'),
	(11, 7, 8, 'Balasan ke-1 untuk komentar ke-3 di post 2', '2025-06-30 00:36:01', '2025-06-30 00:36:01'),
	(12, 7, 3, 'Balasan ke-2 untuk komentar ke-3 di post 2', '2025-06-30 00:36:01', '2025-06-30 00:36:01'),
	(13, 8, 4, 'Balasan ke-1 untuk komentar ke-4 di post 2', '2025-06-30 00:36:01', '2025-06-30 00:36:01'),
	(14, 8, 7, 'Balasan ke-2 untuk komentar ke-4 di post 2', '2025-06-30 00:36:01', '2025-06-30 00:36:01'),
	(15, 8, 6, 'Balasan ke-3 untuk komentar ke-4 di post 2', '2025-06-30 00:36:01', '2025-06-30 00:36:01'),
	(16, 9, 4, 'Balasan ke-1 untuk komentar ke-5 di post 2', '2025-06-30 00:36:01', '2025-06-30 00:36:01'),
	(17, 10, 1, 'Balasan ke-1 untuk komentar ke-1 di post 3', '2025-06-30 00:36:01', '2025-06-30 00:36:01'),
	(18, 10, 8, 'Balasan ke-2 untuk komentar ke-1 di post 3', '2025-06-30 00:36:01', '2025-06-30 00:36:01'),
	(19, 10, 2, 'Balasan ke-3 untuk komentar ke-1 di post 3', '2025-06-30 00:36:01', '2025-06-30 00:36:01'),
	(20, 11, 4, 'Balasan ke-1 untuk komentar ke-2 di post 3', '2025-06-30 00:36:01', '2025-06-30 00:36:01'),
	(21, 11, 11, 'Balasan ke-2 untuk komentar ke-2 di post 3', '2025-06-30 00:36:01', '2025-06-30 00:36:01'),
	(22, 12, 2, 'Balasan ke-1 untuk komentar ke-3 di post 3', '2025-06-30 00:36:01', '2025-06-30 00:36:01'),
	(23, 12, 8, 'Balasan ke-2 untuk komentar ke-3 di post 3', '2025-06-30 00:36:01', '2025-06-30 00:36:01'),
	(24, 12, 10, 'Balasan ke-3 untuk komentar ke-3 di post 3', '2025-06-30 00:36:01', '2025-06-30 00:36:01'),
	(25, 13, 7, 'Balasan ke-1 untuk komentar ke-1 di post 4', '2025-06-30 00:36:01', '2025-06-30 00:36:01'),
	(26, 13, 9, 'Balasan ke-2 untuk komentar ke-1 di post 4', '2025-06-30 00:36:01', '2025-06-30 00:36:01'),
	(27, 13, 11, 'Balasan ke-3 untuk komentar ke-1 di post 4', '2025-06-30 00:36:01', '2025-06-30 00:36:01'),
	(28, 14, 2, 'Balasan ke-1 untuk komentar ke-2 di post 4', '2025-06-30 00:36:01', '2025-06-30 00:36:01'),
	(29, 14, 10, 'Balasan ke-2 untuk komentar ke-2 di post 4', '2025-06-30 00:36:01', '2025-06-30 00:36:01'),
	(30, 14, 6, 'Balasan ke-3 untuk komentar ke-2 di post 4', '2025-06-30 00:36:01', '2025-06-30 00:36:01'),
	(31, 15, 4, 'Balasan ke-1 untuk komentar ke-3 di post 4', '2025-06-30 00:36:01', '2025-06-30 00:36:01'),
	(32, 16, 6, 'Balasan ke-1 untuk komentar ke-4 di post 4', '2025-06-30 00:36:01', '2025-06-30 00:36:01'),
	(33, 16, 5, 'Balasan ke-2 untuk komentar ke-4 di post 4', '2025-06-30 00:36:01', '2025-06-30 00:36:01'),
	(34, 16, 4, 'Balasan ke-3 untuk komentar ke-4 di post 4', '2025-06-30 00:36:01', '2025-06-30 00:36:01'),
	(35, 17, 5, 'Balasan ke-1 untuk komentar ke-1 di post 5', '2025-06-30 00:36:01', '2025-06-30 00:36:01'),
	(36, 17, 5, 'Balasan ke-2 untuk komentar ke-1 di post 5', '2025-06-30 00:36:01', '2025-06-30 00:36:01'),
	(37, 18, 7, 'Balasan ke-1 untuk komentar ke-2 di post 5', '2025-06-30 00:36:01', '2025-06-30 00:36:01'),
	(38, 18, 10, 'Balasan ke-2 untuk komentar ke-2 di post 5', '2025-06-30 00:36:01', '2025-06-30 00:36:01'),
	(39, 18, 8, 'Balasan ke-3 untuk komentar ke-2 di post 5', '2025-06-30 00:36:01', '2025-06-30 00:36:01'),
	(40, 19, 3, 'Balasan ke-1 untuk komentar ke-3 di post 5', '2025-06-30 00:36:01', '2025-06-30 00:36:01'),
	(41, 20, 6, 'Balasan ke-1 untuk komentar ke-4 di post 5', '2025-06-30 00:36:01', '2025-06-30 00:36:01'),
	(42, 20, 9, 'Balasan ke-2 untuk komentar ke-4 di post 5', '2025-06-30 00:36:01', '2025-06-30 00:36:01'),
	(43, 21, 7, 'Balasan ke-1 untuk komentar ke-5 di post 5', '2025-06-30 00:36:01', '2025-06-30 00:36:01'),
	(44, 21, 10, 'Balasan ke-2 untuk komentar ke-5 di post 5', '2025-06-30 00:36:01', '2025-06-30 00:36:01'),
	(45, 22, 3, 'Balasan ke-1 untuk komentar ke-1 di post 6', '2025-06-30 00:36:01', '2025-06-30 00:36:01'),
	(46, 22, 10, 'Balasan ke-2 untuk komentar ke-1 di post 6', '2025-06-30 00:36:01', '2025-06-30 00:36:01'),
	(47, 22, 11, 'Balasan ke-3 untuk komentar ke-1 di post 6', '2025-06-30 00:36:01', '2025-06-30 00:36:01'),
	(48, 23, 5, 'Balasan ke-1 untuk komentar ke-2 di post 6', '2025-06-30 00:36:01', '2025-06-30 00:36:01'),
	(49, 23, 9, 'Balasan ke-2 untuk komentar ke-2 di post 6', '2025-06-30 00:36:01', '2025-06-30 00:36:01'),
	(50, 24, 4, 'Balasan ke-1 untuk komentar ke-1 di post 7', '2025-06-30 00:36:01', '2025-06-30 00:36:01'),
	(51, 24, 3, 'Balasan ke-2 untuk komentar ke-1 di post 7', '2025-06-30 00:36:01', '2025-06-30 00:36:01'),
	(52, 25, 5, 'Balasan ke-1 untuk komentar ke-2 di post 7', '2025-06-30 00:36:01', '2025-06-30 00:36:01'),
	(53, 25, 2, 'Balasan ke-2 untuk komentar ke-2 di post 7', '2025-06-30 00:36:01', '2025-06-30 00:36:01'),
	(54, 26, 2, 'Balasan ke-1 untuk komentar ke-1 di post 8', '2025-06-30 00:36:01', '2025-06-30 00:36:01'),
	(55, 26, 2, 'Balasan ke-2 untuk komentar ke-1 di post 8', '2025-06-30 00:36:01', '2025-06-30 00:36:01'),
	(56, 27, 11, 'Balasan ke-1 untuk komentar ke-2 di post 8', '2025-06-30 00:36:01', '2025-06-30 00:36:01'),
	(57, 27, 1, 'Balasan ke-2 untuk komentar ke-2 di post 8', '2025-06-30 00:36:01', '2025-06-30 00:36:01'),
	(58, 28, 7, 'Balasan ke-1 untuk komentar ke-3 di post 8', '2025-06-30 00:36:01', '2025-06-30 00:36:01'),
	(59, 29, 3, 'Balasan ke-1 untuk komentar ke-4 di post 8', '2025-06-30 00:36:01', '2025-06-30 00:36:01'),
	(60, 30, 7, 'Balasan ke-1 untuk komentar ke-1 di post 9', '2025-06-30 00:36:01', '2025-06-30 00:36:01'),
	(61, 30, 3, 'Balasan ke-2 untuk komentar ke-1 di post 9', '2025-06-30 00:36:01', '2025-06-30 00:36:01'),
	(62, 30, 4, 'Balasan ke-3 untuk komentar ke-1 di post 9', '2025-06-30 00:36:01', '2025-06-30 00:36:01'),
	(63, 31, 10, 'Balasan ke-1 untuk komentar ke-2 di post 9', '2025-06-30 00:36:01', '2025-06-30 00:36:01'),
	(64, 31, 6, 'Balasan ke-2 untuk komentar ke-2 di post 9', '2025-06-30 00:36:01', '2025-06-30 00:36:01'),
	(65, 32, 4, 'Balasan ke-1 untuk komentar ke-3 di post 9', '2025-06-30 00:36:01', '2025-06-30 00:36:01'),
	(66, 32, 10, 'Balasan ke-2 untuk komentar ke-3 di post 9', '2025-06-30 00:36:01', '2025-06-30 00:36:01'),
	(67, 33, 4, 'Balasan ke-1 untuk komentar ke-4 di post 9', '2025-06-30 00:36:01', '2025-06-30 00:36:01'),
	(68, 33, 3, 'Balasan ke-2 untuk komentar ke-4 di post 9', '2025-06-30 00:36:01', '2025-06-30 00:36:01'),
	(69, 33, 3, 'Balasan ke-3 untuk komentar ke-4 di post 9', '2025-06-30 00:36:01', '2025-06-30 00:36:01'),
	(70, 34, 1, 'Balasan ke-1 untuk komentar ke-1 di post 10', '2025-06-30 00:36:01', '2025-06-30 00:36:01'),
	(71, 34, 7, 'Balasan ke-2 untuk komentar ke-1 di post 10', '2025-06-30 00:36:01', '2025-06-30 00:36:01'),
	(72, 34, 6, 'Balasan ke-3 untuk komentar ke-1 di post 10', '2025-06-30 00:36:01', '2025-06-30 00:36:01'),
	(73, 35, 4, 'Balasan ke-1 untuk komentar ke-2 di post 10', '2025-06-30 00:36:01', '2025-06-30 00:36:01'),
	(74, 35, 2, 'Balasan ke-2 untuk komentar ke-2 di post 10', '2025-06-30 00:36:01', '2025-06-30 00:36:01'),
	(75, 36, 10, 'Balasan ke-1 untuk komentar ke-3 di post 10', '2025-06-30 00:36:01', '2025-06-30 00:36:01'),
	(76, 36, 11, 'Balasan ke-2 untuk komentar ke-3 di post 10', '2025-06-30 00:36:01', '2025-06-30 00:36:01'),
	(77, 37, 7, 'Balasan ke-1 untuk komentar ke-4 di post 10', '2025-06-30 00:36:01', '2025-06-30 00:36:01'),
	(78, 38, 8, 'Balasan ke-1 untuk komentar ke-1 di post 11', '2025-06-30 00:36:01', '2025-06-30 00:36:01'),
	(79, 38, 1, 'Balasan ke-2 untuk komentar ke-1 di post 11', '2025-06-30 00:36:01', '2025-06-30 00:36:01'),
	(80, 38, 1, 'Balasan ke-3 untuk komentar ke-1 di post 11', '2025-06-30 00:36:01', '2025-06-30 00:36:01'),
	(81, 39, 11, 'Balasan ke-1 untuk komentar ke-2 di post 11', '2025-06-30 00:36:01', '2025-06-30 00:36:01'),
	(82, 40, 8, 'Balasan ke-1 untuk komentar ke-3 di post 11', '2025-06-30 00:36:01', '2025-06-30 00:36:01'),
	(83, 40, 7, 'Balasan ke-2 untuk komentar ke-3 di post 11', '2025-06-30 00:36:01', '2025-06-30 00:36:01'),
	(84, 41, 4, 'Balasan ke-1 untuk komentar ke-1 di post 12', '2025-06-30 00:36:01', '2025-06-30 00:36:01'),
	(85, 41, 11, 'Balasan ke-2 untuk komentar ke-1 di post 12', '2025-06-30 00:36:01', '2025-06-30 00:36:01'),
	(86, 41, 6, 'Balasan ke-3 untuk komentar ke-1 di post 12', '2025-06-30 00:36:01', '2025-06-30 00:36:01'),
	(87, 42, 8, 'Balasan ke-1 untuk komentar ke-2 di post 12', '2025-06-30 00:36:01', '2025-06-30 00:36:01'),
	(88, 43, 5, 'Balasan ke-1 untuk komentar ke-3 di post 12', '2025-06-30 00:36:01', '2025-06-30 00:36:01'),
	(89, 43, 11, 'Balasan ke-2 untuk komentar ke-3 di post 12', '2025-06-30 00:36:01', '2025-06-30 00:36:01'),
	(90, 44, 11, 'Balasan ke-1 untuk komentar ke-1 di post 13', '2025-06-30 00:36:01', '2025-06-30 00:36:01'),
	(91, 44, 3, 'Balasan ke-2 untuk komentar ke-1 di post 13', '2025-06-30 00:36:01', '2025-06-30 00:36:01'),
	(92, 45, 3, 'Balasan ke-1 untuk komentar ke-2 di post 13', '2025-06-30 00:36:01', '2025-06-30 00:36:01'),
	(93, 45, 3, 'Balasan ke-2 untuk komentar ke-2 di post 13', '2025-06-30 00:36:01', '2025-06-30 00:36:01'),
	(94, 45, 4, 'Balasan ke-3 untuk komentar ke-2 di post 13', '2025-06-30 00:36:01', '2025-06-30 00:36:01'),
	(95, 46, 8, 'Balasan ke-1 untuk komentar ke-3 di post 13', '2025-06-30 00:36:01', '2025-06-30 00:36:01'),
	(96, 46, 5, 'Balasan ke-2 untuk komentar ke-3 di post 13', '2025-06-30 00:36:01', '2025-06-30 00:36:01'),
	(97, 47, 3, 'Balasan ke-1 untuk komentar ke-4 di post 13', '2025-06-30 00:36:01', '2025-06-30 00:36:01'),
	(98, 48, 3, 'Balasan ke-1 untuk komentar ke-1 di post 14', '2025-06-30 00:36:01', '2025-06-30 00:36:01'),
	(99, 49, 5, 'Balasan ke-1 untuk komentar ke-2 di post 14', '2025-06-30 00:36:01', '2025-06-30 00:36:01'),
	(100, 50, 9, 'Balasan ke-1 untuk komentar ke-1 di post 15', '2025-06-30 00:36:01', '2025-06-30 00:36:01'),
	(101, 51, 6, 'Balasan ke-1 untuk komentar ke-2 di post 15', '2025-06-30 00:36:01', '2025-06-30 00:36:01'),
	(102, 51, 5, 'Balasan ke-2 untuk komentar ke-2 di post 15', '2025-06-30 00:36:01', '2025-06-30 00:36:01'),
	(103, 51, 8, 'Balasan ke-3 untuk komentar ke-2 di post 15', '2025-06-30 00:36:01', '2025-06-30 00:36:01'),
	(104, 52, 5, 'Balasan ke-1 untuk komentar ke-1 di post 16', '2025-06-30 00:36:01', '2025-06-30 00:36:01'),
	(105, 52, 7, 'Balasan ke-2 untuk komentar ke-1 di post 16', '2025-06-30 00:36:01', '2025-06-30 00:36:01'),
	(106, 52, 3, 'Balasan ke-3 untuk komentar ke-1 di post 16', '2025-06-30 00:36:01', '2025-06-30 00:36:01'),
	(107, 53, 4, 'Balasan ke-1 untuk komentar ke-2 di post 16', '2025-06-30 00:36:01', '2025-06-30 00:36:01'),
	(108, 54, 9, 'Balasan ke-1 untuk komentar ke-3 di post 16', '2025-06-30 00:36:01', '2025-06-30 00:36:01'),
	(109, 55, 10, 'Balasan ke-1 untuk komentar ke-4 di post 16', '2025-06-30 00:36:01', '2025-06-30 00:36:01'),
	(110, 55, 1, 'Balasan ke-2 untuk komentar ke-4 di post 16', '2025-06-30 00:36:01', '2025-06-30 00:36:01'),
	(111, 56, 6, 'Balasan ke-1 untuk komentar ke-1 di post 17', '2025-06-30 00:36:01', '2025-06-30 00:36:01'),
	(112, 56, 7, 'Balasan ke-2 untuk komentar ke-1 di post 17', '2025-06-30 00:36:01', '2025-06-30 00:36:01'),
	(113, 57, 7, 'Balasan ke-1 untuk komentar ke-2 di post 17', '2025-06-30 00:36:01', '2025-06-30 00:36:01'),
	(114, 57, 11, 'Balasan ke-2 untuk komentar ke-2 di post 17', '2025-06-30 00:36:01', '2025-06-30 00:36:01'),
	(115, 57, 9, 'Balasan ke-3 untuk komentar ke-2 di post 17', '2025-06-30 00:36:01', '2025-06-30 00:36:01'),
	(116, 58, 10, 'Balasan ke-1 untuk komentar ke-1 di post 18', '2025-06-30 00:36:01', '2025-06-30 00:36:01'),
	(117, 59, 1, 'Balasan ke-1 untuk komentar ke-2 di post 18', '2025-06-30 00:36:01', '2025-06-30 00:36:01'),
	(118, 59, 9, 'Balasan ke-2 untuk komentar ke-2 di post 18', '2025-06-30 00:36:01', '2025-06-30 00:36:01'),
	(119, 60, 2, 'Balasan ke-1 untuk komentar ke-3 di post 18', '2025-06-30 00:36:01', '2025-06-30 00:36:01'),
	(120, 60, 4, 'Balasan ke-2 untuk komentar ke-3 di post 18', '2025-06-30 00:36:01', '2025-06-30 00:36:01'),
	(121, 60, 1, 'Balasan ke-3 untuk komentar ke-3 di post 18', '2025-06-30 00:36:01', '2025-06-30 00:36:01'),
	(122, 61, 6, 'Balasan ke-1 untuk komentar ke-4 di post 18', '2025-06-30 00:36:01', '2025-06-30 00:36:01'),
	(123, 62, 6, 'Balasan ke-1 untuk komentar ke-5 di post 18', '2025-06-30 00:36:01', '2025-06-30 00:36:01'),
	(124, 62, 3, 'Balasan ke-2 untuk komentar ke-5 di post 18', '2025-06-30 00:36:01', '2025-06-30 00:36:01'),
	(125, 63, 9, 'Balasan ke-1 untuk komentar ke-1 di post 19', '2025-06-30 00:36:01', '2025-06-30 00:36:01'),
	(126, 63, 11, 'Balasan ke-2 untuk komentar ke-1 di post 19', '2025-06-30 00:36:01', '2025-06-30 00:36:01'),
	(127, 63, 7, 'Balasan ke-3 untuk komentar ke-1 di post 19', '2025-06-30 00:36:01', '2025-06-30 00:36:01'),
	(128, 64, 6, 'Balasan ke-1 untuk komentar ke-2 di post 19', '2025-06-30 00:36:01', '2025-06-30 00:36:01'),
	(129, 64, 1, 'Balasan ke-2 untuk komentar ke-2 di post 19', '2025-06-30 00:36:01', '2025-06-30 00:36:01'),
	(130, 65, 2, 'Balasan ke-1 untuk komentar ke-3 di post 19', '2025-06-30 00:36:01', '2025-06-30 00:36:01'),
	(131, 65, 7, 'Balasan ke-2 untuk komentar ke-3 di post 19', '2025-06-30 00:36:01', '2025-06-30 00:36:01'),
	(132, 65, 8, 'Balasan ke-3 untuk komentar ke-3 di post 19', '2025-06-30 00:36:01', '2025-06-30 00:36:01'),
	(133, 66, 3, 'Balasan ke-1 untuk komentar ke-1 di post 20', '2025-06-30 00:36:01', '2025-06-30 00:36:01'),
	(134, 66, 3, 'Balasan ke-2 untuk komentar ke-1 di post 20', '2025-06-30 00:36:01', '2025-06-30 00:36:01'),
	(135, 66, 4, 'Balasan ke-3 untuk komentar ke-1 di post 20', '2025-06-30 00:36:01', '2025-06-30 00:36:01'),
	(136, 67, 6, 'Balasan ke-1 untuk komentar ke-2 di post 20', '2025-06-30 00:36:01', '2025-06-30 00:36:01'),
	(137, 67, 5, 'Balasan ke-2 untuk komentar ke-2 di post 20', '2025-06-30 00:36:01', '2025-06-30 00:36:01'),
	(138, 68, 2, 'Balasan ke-1 untuk komentar ke-1 di post 21', '2025-06-30 00:36:01', '2025-06-30 00:36:01'),
	(139, 68, 10, 'Balasan ke-2 untuk komentar ke-1 di post 21', '2025-06-30 00:36:01', '2025-06-30 00:36:01'),
	(140, 69, 2, 'Balasan ke-1 untuk komentar ke-2 di post 21', '2025-06-30 00:36:01', '2025-06-30 00:36:01'),
	(141, 69, 4, 'Balasan ke-2 untuk komentar ke-2 di post 21', '2025-06-30 00:36:01', '2025-06-30 00:36:01'),
	(142, 70, 3, 'Balasan ke-1 untuk komentar ke-3 di post 21', '2025-06-30 00:36:01', '2025-06-30 00:36:01'),
	(143, 70, 8, 'Balasan ke-2 untuk komentar ke-3 di post 21', '2025-06-30 00:36:01', '2025-06-30 00:36:01'),
	(144, 70, 6, 'Balasan ke-3 untuk komentar ke-3 di post 21', '2025-06-30 00:36:01', '2025-06-30 00:36:01'),
	(145, 71, 5, 'Balasan ke-1 untuk komentar ke-1 di post 22', '2025-06-30 00:36:01', '2025-06-30 00:36:01'),
	(146, 71, 1, 'Balasan ke-2 untuk komentar ke-1 di post 22', '2025-06-30 00:36:01', '2025-06-30 00:36:01'),
	(147, 72, 8, 'Balasan ke-1 untuk komentar ke-2 di post 22', '2025-06-30 00:36:01', '2025-06-30 00:36:01'),
	(148, 72, 4, 'Balasan ke-2 untuk komentar ke-2 di post 22', '2025-06-30 00:36:01', '2025-06-30 00:36:01'),
	(149, 72, 3, 'Balasan ke-3 untuk komentar ke-2 di post 22', '2025-06-30 00:36:01', '2025-06-30 00:36:01'),
	(150, 73, 3, 'Balasan ke-1 untuk komentar ke-3 di post 22', '2025-06-30 00:36:01', '2025-06-30 00:36:01'),
	(151, 74, 6, 'Balasan ke-1 untuk komentar ke-4 di post 22', '2025-06-30 00:36:02', '2025-06-30 00:36:02'),
	(152, 74, 9, 'Balasan ke-2 untuk komentar ke-4 di post 22', '2025-06-30 00:36:02', '2025-06-30 00:36:02'),
	(153, 75, 8, 'Balasan ke-1 untuk komentar ke-1 di post 23', '2025-06-30 00:36:02', '2025-06-30 00:36:02'),
	(154, 75, 7, 'Balasan ke-2 untuk komentar ke-1 di post 23', '2025-06-30 00:36:02', '2025-06-30 00:36:02'),
	(155, 75, 2, 'Balasan ke-3 untuk komentar ke-1 di post 23', '2025-06-30 00:36:02', '2025-06-30 00:36:02'),
	(156, 76, 1, 'Balasan ke-1 untuk komentar ke-2 di post 23', '2025-06-30 00:36:02', '2025-06-30 00:36:02'),
	(157, 77, 8, 'Balasan ke-1 untuk komentar ke-3 di post 23', '2025-06-30 00:36:02', '2025-06-30 00:36:02'),
	(158, 78, 11, 'Balasan ke-1 untuk komentar ke-4 di post 23', '2025-06-30 00:36:02', '2025-06-30 00:36:02'),
	(159, 78, 1, 'Balasan ke-2 untuk komentar ke-4 di post 23', '2025-06-30 00:36:02', '2025-06-30 00:36:02'),
	(160, 78, 11, 'Balasan ke-3 untuk komentar ke-4 di post 23', '2025-06-30 00:36:02', '2025-06-30 00:36:02'),
	(161, 79, 7, 'Balasan ke-1 untuk komentar ke-5 di post 23', '2025-06-30 00:36:02', '2025-06-30 00:36:02'),
	(162, 80, 9, 'Balasan ke-1 untuk komentar ke-1 di post 24', '2025-06-30 00:36:02', '2025-06-30 00:36:02'),
	(163, 80, 1, 'Balasan ke-2 untuk komentar ke-1 di post 24', '2025-06-30 00:36:02', '2025-06-30 00:36:02'),
	(164, 81, 10, 'Balasan ke-1 untuk komentar ke-2 di post 24', '2025-06-30 00:36:02', '2025-06-30 00:36:02'),
	(165, 82, 10, 'Balasan ke-1 untuk komentar ke-1 di post 25', '2025-06-30 00:36:02', '2025-06-30 00:36:02'),
	(166, 82, 1, 'Balasan ke-2 untuk komentar ke-1 di post 25', '2025-06-30 00:36:02', '2025-06-30 00:36:02'),
	(167, 83, 6, 'Balasan ke-1 untuk komentar ke-2 di post 25', '2025-06-30 00:36:02', '2025-06-30 00:36:02'),
	(168, 83, 6, 'Balasan ke-2 untuk komentar ke-2 di post 25', '2025-06-30 00:36:02', '2025-06-30 00:36:02'),
	(169, 84, 4, 'Balasan ke-1 untuk komentar ke-3 di post 25', '2025-06-30 00:36:02', '2025-06-30 00:36:02'),
	(170, 85, 1, 'Balasan ke-1 untuk komentar ke-4 di post 25', '2025-06-30 00:36:02', '2025-06-30 00:36:02'),
	(171, 85, 4, 'Balasan ke-2 untuk komentar ke-4 di post 25', '2025-06-30 00:36:02', '2025-06-30 00:36:02'),
	(172, 85, 2, 'Balasan ke-3 untuk komentar ke-4 di post 25', '2025-06-30 00:36:02', '2025-06-30 00:36:02'),
	(173, 86, 3, 'Balasan ke-1 untuk komentar ke-1 di post 26', '2025-06-30 00:36:02', '2025-06-30 00:36:02'),
	(174, 87, 3, 'Balasan ke-1 untuk komentar ke-2 di post 26', '2025-06-30 00:36:02', '2025-06-30 00:36:02'),
	(175, 88, 9, 'Balasan ke-1 untuk komentar ke-3 di post 26', '2025-06-30 00:36:02', '2025-06-30 00:36:02'),
	(176, 88, 3, 'Balasan ke-2 untuk komentar ke-3 di post 26', '2025-06-30 00:36:02', '2025-06-30 00:36:02'),
	(177, 88, 3, 'Balasan ke-3 untuk komentar ke-3 di post 26', '2025-06-30 00:36:02', '2025-06-30 00:36:02'),
	(178, 89, 1, 'Balasan ke-1 untuk komentar ke-1 di post 27', '2025-06-30 00:36:02', '2025-06-30 00:36:02'),
	(179, 89, 6, 'Balasan ke-2 untuk komentar ke-1 di post 27', '2025-06-30 00:36:02', '2025-06-30 00:36:02'),
	(180, 90, 4, 'Balasan ke-1 untuk komentar ke-2 di post 27', '2025-06-30 00:36:02', '2025-06-30 00:36:02'),
	(181, 90, 3, 'Balasan ke-2 untuk komentar ke-2 di post 27', '2025-06-30 00:36:02', '2025-06-30 00:36:02'),
	(182, 90, 3, 'Balasan ke-3 untuk komentar ke-2 di post 27', '2025-06-30 00:36:02', '2025-06-30 00:36:02'),
	(183, 91, 11, 'Balasan ke-1 untuk komentar ke-3 di post 27', '2025-06-30 00:36:02', '2025-06-30 00:36:02'),
	(184, 91, 4, 'Balasan ke-2 untuk komentar ke-3 di post 27', '2025-06-30 00:36:02', '2025-06-30 00:36:02'),
	(185, 91, 6, 'Balasan ke-3 untuk komentar ke-3 di post 27', '2025-06-30 00:36:02', '2025-06-30 00:36:02'),
	(186, 92, 9, 'Balasan ke-1 untuk komentar ke-4 di post 27', '2025-06-30 00:36:02', '2025-06-30 00:36:02'),
	(187, 93, 2, 'Balasan ke-1 untuk komentar ke-5 di post 27', '2025-06-30 00:36:02', '2025-06-30 00:36:02'),
	(188, 94, 2, 'Balasan ke-1 untuk komentar ke-1 di post 28', '2025-06-30 00:36:02', '2025-06-30 00:36:02'),
	(189, 94, 6, 'Balasan ke-2 untuk komentar ke-1 di post 28', '2025-06-30 00:36:02', '2025-06-30 00:36:02'),
	(190, 94, 10, 'Balasan ke-3 untuk komentar ke-1 di post 28', '2025-06-30 00:36:02', '2025-06-30 00:36:02'),
	(191, 95, 10, 'Balasan ke-1 untuk komentar ke-2 di post 28', '2025-06-30 00:36:02', '2025-06-30 00:36:02'),
	(192, 95, 1, 'Balasan ke-2 untuk komentar ke-2 di post 28', '2025-06-30 00:36:02', '2025-06-30 00:36:02'),
	(193, 96, 4, 'Balasan ke-1 untuk komentar ke-3 di post 28', '2025-06-30 00:36:02', '2025-06-30 00:36:02'),
	(194, 96, 1, 'Balasan ke-2 untuk komentar ke-3 di post 28', '2025-06-30 00:36:02', '2025-06-30 00:36:02'),
	(195, 97, 7, 'Balasan ke-1 untuk komentar ke-4 di post 28', '2025-06-30 00:36:02', '2025-06-30 00:36:02'),
	(196, 98, 10, 'Balasan ke-1 untuk komentar ke-5 di post 28', '2025-06-30 00:36:02', '2025-06-30 00:36:02'),
	(197, 99, 10, 'Balasan ke-1 untuk komentar ke-1 di post 29', '2025-06-30 00:36:02', '2025-06-30 00:36:02'),
	(198, 99, 11, 'Balasan ke-2 untuk komentar ke-1 di post 29', '2025-06-30 00:36:02', '2025-06-30 00:36:02'),
	(199, 100, 11, 'Balasan ke-1 untuk komentar ke-2 di post 29', '2025-06-30 00:36:02', '2025-06-30 00:36:02'),
	(200, 100, 5, 'Balasan ke-2 untuk komentar ke-2 di post 29', '2025-06-30 00:36:02', '2025-06-30 00:36:02'),
	(201, 100, 6, 'Balasan ke-3 untuk komentar ke-2 di post 29', '2025-06-30 00:36:02', '2025-06-30 00:36:02'),
	(202, 101, 4, 'Balasan ke-1 untuk komentar ke-1 di post 30', '2025-06-30 00:36:02', '2025-06-30 00:36:02'),
	(203, 101, 6, 'Balasan ke-2 untuk komentar ke-1 di post 30', '2025-06-30 00:36:02', '2025-06-30 00:36:02'),
	(204, 102, 4, 'Balasan ke-1 untuk komentar ke-2 di post 30', '2025-06-30 00:36:02', '2025-06-30 00:36:02'),
	(205, 102, 4, 'Balasan ke-2 untuk komentar ke-2 di post 30', '2025-06-30 00:36:02', '2025-06-30 00:36:02'),
	(206, 102, 4, 'Balasan ke-3 untuk komentar ke-2 di post 30', '2025-06-30 00:36:02', '2025-06-30 00:36:02'),
	(207, 103, 8, 'Balasan ke-1 untuk komentar ke-3 di post 30', '2025-06-30 00:36:02', '2025-06-30 00:36:02'),
	(208, 103, 2, 'Balasan ke-2 untuk komentar ke-3 di post 30', '2025-06-30 00:36:02', '2025-06-30 00:36:02'),
	(209, 103, 2, 'Balasan ke-3 untuk komentar ke-3 di post 30', '2025-06-30 00:36:02', '2025-06-30 00:36:02'),
	(210, 104, 3, 'Balasan ke-1 untuk komentar ke-4 di post 30', '2025-06-30 00:36:02', '2025-06-30 00:36:02'),
	(211, 104, 11, 'Balasan ke-2 untuk komentar ke-4 di post 30', '2025-06-30 00:36:02', '2025-06-30 00:36:02'),
	(212, 105, 9, 'Balasan ke-1 untuk komentar ke-1 di post 31', '2025-06-30 00:36:02', '2025-06-30 00:36:02'),
	(213, 105, 10, 'Balasan ke-2 untuk komentar ke-1 di post 31', '2025-06-30 00:36:02', '2025-06-30 00:36:02'),
	(214, 106, 1, 'Balasan ke-1 untuk komentar ke-2 di post 31', '2025-06-30 00:36:02', '2025-06-30 00:36:02'),
	(215, 106, 2, 'Balasan ke-2 untuk komentar ke-2 di post 31', '2025-06-30 00:36:02', '2025-06-30 00:36:02'),
	(216, 106, 6, 'Balasan ke-3 untuk komentar ke-2 di post 31', '2025-06-30 00:36:02', '2025-06-30 00:36:02'),
	(217, 107, 3, 'Balasan ke-1 untuk komentar ke-1 di post 32', '2025-06-30 00:36:02', '2025-06-30 00:36:02'),
	(218, 108, 7, 'Balasan ke-1 untuk komentar ke-2 di post 32', '2025-06-30 00:36:02', '2025-06-30 00:36:02'),
	(219, 108, 7, 'Balasan ke-2 untuk komentar ke-2 di post 32', '2025-06-30 00:36:02', '2025-06-30 00:36:02'),
	(220, 109, 2, 'Balasan ke-1 untuk komentar ke-3 di post 32', '2025-06-30 00:36:02', '2025-06-30 00:36:02'),
	(221, 109, 11, 'Balasan ke-2 untuk komentar ke-3 di post 32', '2025-06-30 00:36:02', '2025-06-30 00:36:02'),
	(222, 110, 1, 'Balasan ke-1 untuk komentar ke-4 di post 32', '2025-06-30 00:36:02', '2025-06-30 00:36:02'),
	(223, 110, 5, 'Balasan ke-2 untuk komentar ke-4 di post 32', '2025-06-30 00:36:02', '2025-06-30 00:36:02'),
	(224, 110, 10, 'Balasan ke-3 untuk komentar ke-4 di post 32', '2025-06-30 00:36:02', '2025-06-30 00:36:02'),
	(225, 111, 1, 'Balasan ke-1 untuk komentar ke-1 di post 33', '2025-06-30 00:36:02', '2025-06-30 00:36:02'),
	(226, 111, 7, 'Balasan ke-2 untuk komentar ke-1 di post 33', '2025-06-30 00:36:02', '2025-06-30 00:36:02'),
	(227, 111, 6, 'Balasan ke-3 untuk komentar ke-1 di post 33', '2025-06-30 00:36:02', '2025-06-30 00:36:02'),
	(228, 112, 6, 'Balasan ke-1 untuk komentar ke-2 di post 33', '2025-06-30 00:36:02', '2025-06-30 00:36:02'),
	(229, 113, 11, 'Balasan ke-1 untuk komentar ke-1 di post 34', '2025-06-30 00:36:02', '2025-06-30 00:36:02'),
	(230, 114, 7, 'Balasan ke-1 untuk komentar ke-2 di post 34', '2025-06-30 00:36:02', '2025-06-30 00:36:02'),
	(231, 114, 1, 'Balasan ke-2 untuk komentar ke-2 di post 34', '2025-06-30 00:36:02', '2025-06-30 00:36:02'),
	(232, 114, 11, 'Balasan ke-3 untuk komentar ke-2 di post 34', '2025-06-30 00:36:02', '2025-06-30 00:36:02'),
	(233, 115, 4, 'Balasan ke-1 untuk komentar ke-3 di post 34', '2025-06-30 00:36:02', '2025-06-30 00:36:02'),
	(234, 116, 1, 'Balasan ke-1 untuk komentar ke-1 di post 35', '2025-06-30 00:36:02', '2025-06-30 00:36:02'),
	(235, 117, 3, 'Balasan ke-1 untuk komentar ke-2 di post 35', '2025-06-30 00:36:02', '2025-06-30 00:36:02'),
	(236, 117, 3, 'Balasan ke-2 untuk komentar ke-2 di post 35', '2025-06-30 00:36:02', '2025-06-30 00:36:02'),
	(237, 118, 10, 'Balasan ke-1 untuk komentar ke-3 di post 35', '2025-06-30 00:36:02', '2025-06-30 00:36:02'),
	(238, 118, 8, 'Balasan ke-2 untuk komentar ke-3 di post 35', '2025-06-30 00:36:02', '2025-06-30 00:36:02'),
	(239, 119, 4, 'Balasan ke-1 untuk komentar ke-4 di post 35', '2025-06-30 00:36:02', '2025-06-30 00:36:02'),
	(240, 119, 9, 'Balasan ke-2 untuk komentar ke-4 di post 35', '2025-06-30 00:36:02', '2025-06-30 00:36:02'),
	(241, 119, 5, 'Balasan ke-3 untuk komentar ke-4 di post 35', '2025-06-30 00:36:02', '2025-06-30 00:36:02'),
	(242, 120, 5, 'Balasan ke-1 untuk komentar ke-5 di post 35', '2025-06-30 00:36:02', '2025-06-30 00:36:02'),
	(243, 121, 5, 'Balasan ke-1 untuk komentar ke-1 di post 36', '2025-06-30 00:36:02', '2025-06-30 00:36:02'),
	(244, 121, 10, 'Balasan ke-2 untuk komentar ke-1 di post 36', '2025-06-30 00:36:02', '2025-06-30 00:36:02'),
	(245, 122, 3, 'Balasan ke-1 untuk komentar ke-2 di post 36', '2025-06-30 00:36:02', '2025-06-30 00:36:02'),
	(246, 122, 6, 'Balasan ke-2 untuk komentar ke-2 di post 36', '2025-06-30 00:36:02', '2025-06-30 00:36:02'),
	(247, 122, 10, 'Balasan ke-3 untuk komentar ke-2 di post 36', '2025-06-30 00:36:02', '2025-06-30 00:36:02'),
	(248, 123, 2, 'Balasan ke-1 untuk komentar ke-3 di post 36', '2025-06-30 00:36:02', '2025-06-30 00:36:02'),
	(249, 123, 10, 'Balasan ke-2 untuk komentar ke-3 di post 36', '2025-06-30 00:36:02', '2025-06-30 00:36:02'),
	(250, 124, 11, 'Balasan ke-1 untuk komentar ke-1 di post 37', '2025-06-30 00:36:02', '2025-06-30 00:36:02'),
	(251, 124, 9, 'Balasan ke-2 untuk komentar ke-1 di post 37', '2025-06-30 00:36:02', '2025-06-30 00:36:02'),
	(252, 125, 9, 'Balasan ke-1 untuk komentar ke-2 di post 37', '2025-06-30 00:36:02', '2025-06-30 00:36:02'),
	(253, 126, 9, 'Balasan ke-1 untuk komentar ke-3 di post 37', '2025-06-30 00:36:02', '2025-06-30 00:36:02'),
	(254, 126, 1, 'Balasan ke-2 untuk komentar ke-3 di post 37', '2025-06-30 00:36:02', '2025-06-30 00:36:02'),
	(255, 126, 9, 'Balasan ke-3 untuk komentar ke-3 di post 37', '2025-06-30 00:36:02', '2025-06-30 00:36:02'),
	(256, 127, 3, 'Balasan ke-1 untuk komentar ke-1 di post 38', '2025-06-30 00:36:02', '2025-06-30 00:36:02'),
	(257, 127, 7, 'Balasan ke-2 untuk komentar ke-1 di post 38', '2025-06-30 00:36:02', '2025-06-30 00:36:02'),
	(258, 128, 3, 'Balasan ke-1 untuk komentar ke-2 di post 38', '2025-06-30 00:36:02', '2025-06-30 00:36:02'),
	(259, 128, 9, 'Balasan ke-2 untuk komentar ke-2 di post 38', '2025-06-30 00:36:02', '2025-06-30 00:36:02'),
	(260, 128, 9, 'Balasan ke-3 untuk komentar ke-2 di post 38', '2025-06-30 00:36:02', '2025-06-30 00:36:02'),
	(261, 129, 6, 'Balasan ke-1 untuk komentar ke-3 di post 38', '2025-06-30 00:36:02', '2025-06-30 00:36:02'),
	(262, 129, 5, 'Balasan ke-2 untuk komentar ke-3 di post 38', '2025-06-30 00:36:02', '2025-06-30 00:36:02'),
	(263, 130, 10, 'Balasan ke-1 untuk komentar ke-4 di post 38', '2025-06-30 00:36:02', '2025-06-30 00:36:02'),
	(264, 131, 9, 'Balasan ke-1 untuk komentar ke-1 di post 39', '2025-06-30 00:36:02', '2025-06-30 00:36:02'),
	(265, 132, 5, 'Balasan ke-1 untuk komentar ke-2 di post 39', '2025-06-30 00:36:02', '2025-06-30 00:36:02'),
	(266, 132, 5, 'Balasan ke-2 untuk komentar ke-2 di post 39', '2025-06-30 00:36:02', '2025-06-30 00:36:02'),
	(267, 132, 3, 'Balasan ke-3 untuk komentar ke-2 di post 39', '2025-06-30 00:36:02', '2025-06-30 00:36:02'),
	(268, 133, 11, 'Balasan ke-1 untuk komentar ke-1 di post 40', '2025-06-30 00:36:02', '2025-06-30 00:36:02'),
	(269, 134, 10, 'Balasan ke-1 untuk komentar ke-2 di post 40', '2025-06-30 00:36:02', '2025-06-30 00:36:02'),
	(270, 134, 8, 'Balasan ke-2 untuk komentar ke-2 di post 40', '2025-06-30 00:36:02', '2025-06-30 00:36:02'),
	(271, 135, 1, 'Balasan ke-1 untuk komentar ke-1 di post 41', '2025-06-30 00:36:02', '2025-06-30 00:36:02'),
	(272, 135, 9, 'Balasan ke-2 untuk komentar ke-1 di post 41', '2025-06-30 00:36:02', '2025-06-30 00:36:02'),
	(273, 135, 1, 'Balasan ke-3 untuk komentar ke-1 di post 41', '2025-06-30 00:36:02', '2025-06-30 00:36:02'),
	(274, 136, 10, 'Balasan ke-1 untuk komentar ke-2 di post 41', '2025-06-30 00:36:02', '2025-06-30 00:36:02'),
	(275, 137, 5, 'Balasan ke-1 untuk komentar ke-1 di post 42', '2025-06-30 00:36:02', '2025-06-30 00:36:02'),
	(276, 137, 1, 'Balasan ke-2 untuk komentar ke-1 di post 42', '2025-06-30 00:36:02', '2025-06-30 00:36:02'),
	(277, 138, 6, 'Balasan ke-1 untuk komentar ke-2 di post 42', '2025-06-30 00:36:02', '2025-06-30 00:36:02'),
	(278, 138, 6, 'Balasan ke-2 untuk komentar ke-2 di post 42', '2025-06-30 00:36:02', '2025-06-30 00:36:02'),
	(279, 138, 11, 'Balasan ke-3 untuk komentar ke-2 di post 42', '2025-06-30 00:36:02', '2025-06-30 00:36:02'),
	(280, 139, 5, 'Balasan ke-1 untuk komentar ke-3 di post 42', '2025-06-30 00:36:02', '2025-06-30 00:36:02'),
	(281, 139, 10, 'Balasan ke-2 untuk komentar ke-3 di post 42', '2025-06-30 00:36:02', '2025-06-30 00:36:02'),
	(282, 139, 5, 'Balasan ke-3 untuk komentar ke-3 di post 42', '2025-06-30 00:36:02', '2025-06-30 00:36:02'),
	(283, 140, 2, 'Balasan ke-1 untuk komentar ke-4 di post 42', '2025-06-30 00:36:02', '2025-06-30 00:36:02'),
	(284, 140, 6, 'Balasan ke-2 untuk komentar ke-4 di post 42', '2025-06-30 00:36:02', '2025-06-30 00:36:02'),
	(285, 140, 11, 'Balasan ke-3 untuk komentar ke-4 di post 42', '2025-06-30 00:36:02', '2025-06-30 00:36:02'),
	(286, 141, 4, 'Balasan ke-1 untuk komentar ke-1 di post 43', '2025-06-30 00:36:03', '2025-06-30 00:36:03'),
	(287, 141, 7, 'Balasan ke-2 untuk komentar ke-1 di post 43', '2025-06-30 00:36:03', '2025-06-30 00:36:03'),
	(288, 141, 4, 'Balasan ke-3 untuk komentar ke-1 di post 43', '2025-06-30 00:36:03', '2025-06-30 00:36:03'),
	(289, 142, 10, 'Balasan ke-1 untuk komentar ke-2 di post 43', '2025-06-30 00:36:03', '2025-06-30 00:36:03'),
	(290, 142, 6, 'Balasan ke-2 untuk komentar ke-2 di post 43', '2025-06-30 00:36:03', '2025-06-30 00:36:03'),
	(291, 142, 7, 'Balasan ke-3 untuk komentar ke-2 di post 43', '2025-06-30 00:36:03', '2025-06-30 00:36:03'),
	(292, 143, 1, 'Balasan ke-1 untuk komentar ke-3 di post 43', '2025-06-30 00:36:03', '2025-06-30 00:36:03'),
	(293, 143, 3, 'Balasan ke-2 untuk komentar ke-3 di post 43', '2025-06-30 00:36:03', '2025-06-30 00:36:03'),
	(294, 144, 10, 'Balasan ke-1 untuk komentar ke-4 di post 43', '2025-06-30 00:36:03', '2025-06-30 00:36:03'),
	(295, 145, 4, 'Balasan ke-1 untuk komentar ke-1 di post 44', '2025-06-30 00:36:03', '2025-06-30 00:36:03'),
	(296, 145, 4, 'Balasan ke-2 untuk komentar ke-1 di post 44', '2025-06-30 00:36:03', '2025-06-30 00:36:03'),
	(297, 146, 8, 'Balasan ke-1 untuk komentar ke-2 di post 44', '2025-06-30 00:36:03', '2025-06-30 00:36:03'),
	(298, 146, 3, 'Balasan ke-2 untuk komentar ke-2 di post 44', '2025-06-30 00:36:03', '2025-06-30 00:36:03'),
	(299, 146, 9, 'Balasan ke-3 untuk komentar ke-2 di post 44', '2025-06-30 00:36:03', '2025-06-30 00:36:03'),
	(300, 147, 6, 'Balasan ke-1 untuk komentar ke-3 di post 44', '2025-06-30 00:36:03', '2025-06-30 00:36:03'),
	(301, 148, 8, 'Balasan ke-1 untuk komentar ke-4 di post 44', '2025-06-30 00:36:03', '2025-06-30 00:36:03'),
	(302, 149, 5, 'Balasan ke-1 untuk komentar ke-5 di post 44', '2025-06-30 00:36:03', '2025-06-30 00:36:03'),
	(303, 149, 6, 'Balasan ke-2 untuk komentar ke-5 di post 44', '2025-06-30 00:36:03', '2025-06-30 00:36:03'),
	(304, 149, 10, 'Balasan ke-3 untuk komentar ke-5 di post 44', '2025-06-30 00:36:03', '2025-06-30 00:36:03'),
	(305, 150, 8, 'Balasan ke-1 untuk komentar ke-1 di post 45', '2025-06-30 00:36:03', '2025-06-30 00:36:03'),
	(306, 150, 8, 'Balasan ke-2 untuk komentar ke-1 di post 45', '2025-06-30 00:36:03', '2025-06-30 00:36:03'),
	(307, 150, 6, 'Balasan ke-3 untuk komentar ke-1 di post 45', '2025-06-30 00:36:03', '2025-06-30 00:36:03'),
	(308, 151, 2, 'Balasan ke-1 untuk komentar ke-2 di post 45', '2025-06-30 00:36:03', '2025-06-30 00:36:03'),
	(309, 151, 10, 'Balasan ke-2 untuk komentar ke-2 di post 45', '2025-06-30 00:36:03', '2025-06-30 00:36:03'),
	(310, 151, 9, 'Balasan ke-3 untuk komentar ke-2 di post 45', '2025-06-30 00:36:03', '2025-06-30 00:36:03'),
	(311, 152, 7, 'Balasan ke-1 untuk komentar ke-3 di post 45', '2025-06-30 00:36:03', '2025-06-30 00:36:03'),
	(312, 152, 3, 'Balasan ke-2 untuk komentar ke-3 di post 45', '2025-06-30 00:36:03', '2025-06-30 00:36:03'),
	(313, 153, 1, 'Balasan ke-1 untuk komentar ke-4 di post 45', '2025-06-30 00:36:03', '2025-06-30 00:36:03'),
	(314, 153, 11, 'Balasan ke-2 untuk komentar ke-4 di post 45', '2025-06-30 00:36:03', '2025-06-30 00:36:03'),
	(315, 154, 10, 'Balasan ke-1 untuk komentar ke-1 di post 46', '2025-06-30 00:36:03', '2025-06-30 00:36:03'),
	(316, 154, 8, 'Balasan ke-2 untuk komentar ke-1 di post 46', '2025-06-30 00:36:03', '2025-06-30 00:36:03'),
	(317, 155, 3, 'Balasan ke-1 untuk komentar ke-2 di post 46', '2025-06-30 00:36:03', '2025-06-30 00:36:03'),
	(318, 155, 5, 'Balasan ke-2 untuk komentar ke-2 di post 46', '2025-06-30 00:36:03', '2025-06-30 00:36:03'),
	(319, 156, 8, 'Balasan ke-1 untuk komentar ke-1 di post 47', '2025-06-30 00:36:03', '2025-06-30 00:36:03'),
	(320, 157, 3, 'Balasan ke-1 untuk komentar ke-2 di post 47', '2025-06-30 00:36:03', '2025-06-30 00:36:03'),
	(321, 157, 11, 'Balasan ke-2 untuk komentar ke-2 di post 47', '2025-06-30 00:36:03', '2025-06-30 00:36:03'),
	(322, 157, 1, 'Balasan ke-3 untuk komentar ke-2 di post 47', '2025-06-30 00:36:03', '2025-06-30 00:36:03'),
	(323, 158, 1, 'Balasan ke-1 untuk komentar ke-1 di post 48', '2025-06-30 00:36:03', '2025-06-30 00:36:03'),
	(324, 158, 8, 'Balasan ke-2 untuk komentar ke-1 di post 48', '2025-06-30 00:36:03', '2025-06-30 00:36:03'),
	(325, 158, 6, 'Balasan ke-3 untuk komentar ke-1 di post 48', '2025-06-30 00:36:03', '2025-06-30 00:36:03'),
	(326, 159, 11, 'Balasan ke-1 untuk komentar ke-2 di post 48', '2025-06-30 00:36:03', '2025-06-30 00:36:03'),
	(327, 160, 8, 'Balasan ke-1 untuk komentar ke-3 di post 48', '2025-06-30 00:36:03', '2025-06-30 00:36:03'),
	(328, 160, 2, 'Balasan ke-2 untuk komentar ke-3 di post 48', '2025-06-30 00:36:03', '2025-06-30 00:36:03'),
	(329, 160, 8, 'Balasan ke-3 untuk komentar ke-3 di post 48', '2025-06-30 00:36:03', '2025-06-30 00:36:03'),
	(330, 161, 11, 'Balasan ke-1 untuk komentar ke-4 di post 48', '2025-06-30 00:36:03', '2025-06-30 00:36:03'),
	(331, 162, 11, 'Balasan ke-1 untuk komentar ke-1 di post 49', '2025-06-30 00:36:03', '2025-06-30 00:36:03'),
	(332, 162, 4, 'Balasan ke-2 untuk komentar ke-1 di post 49', '2025-06-30 00:36:03', '2025-06-30 00:36:03'),
	(333, 163, 3, 'Balasan ke-1 untuk komentar ke-2 di post 49', '2025-06-30 00:36:03', '2025-06-30 00:36:03'),
	(334, 163, 11, 'Balasan ke-2 untuk komentar ke-2 di post 49', '2025-06-30 00:36:03', '2025-06-30 00:36:03'),
	(335, 164, 6, 'Balasan ke-1 untuk komentar ke-3 di post 49', '2025-06-30 00:36:03', '2025-06-30 00:36:03'),
	(336, 164, 11, 'Balasan ke-2 untuk komentar ke-3 di post 49', '2025-06-30 00:36:03', '2025-06-30 00:36:03'),
	(337, 165, 9, 'Balasan ke-1 untuk komentar ke-4 di post 49', '2025-06-30 00:36:03', '2025-06-30 00:36:03'),
	(338, 165, 4, 'Balasan ke-2 untuk komentar ke-4 di post 49', '2025-06-30 00:36:03', '2025-06-30 00:36:03'),
	(339, 165, 5, 'Balasan ke-3 untuk komentar ke-4 di post 49', '2025-06-30 00:36:03', '2025-06-30 00:36:03'),
	(340, 166, 9, 'Balasan ke-1 untuk komentar ke-5 di post 49', '2025-06-30 00:36:03', '2025-06-30 00:36:03'),
	(341, 166, 5, 'Balasan ke-2 untuk komentar ke-5 di post 49', '2025-06-30 00:36:03', '2025-06-30 00:36:03'),
	(342, 166, 1, 'Balasan ke-3 untuk komentar ke-5 di post 49', '2025-06-30 00:36:03', '2025-06-30 00:36:03'),
	(343, 167, 2, 'Balasan ke-1 untuk komentar ke-1 di post 50', '2025-06-30 00:36:03', '2025-06-30 00:36:03'),
	(344, 167, 8, 'Balasan ke-2 untuk komentar ke-1 di post 50', '2025-06-30 00:36:03', '2025-06-30 00:36:03'),
	(345, 168, 10, 'Balasan ke-1 untuk komentar ke-2 di post 50', '2025-06-30 00:36:03', '2025-06-30 00:36:03'),
	(346, 169, 8, 'Balasan ke-1 untuk komentar ke-3 di post 50', '2025-06-30 00:36:03', '2025-06-30 00:36:03'),
	(347, 170, 11, 'Balasan ke-1 untuk komentar ke-4 di post 50', '2025-06-30 00:36:03', '2025-06-30 00:36:03'),
	(348, 170, 2, 'Balasan ke-2 untuk komentar ke-4 di post 50', '2025-06-30 00:36:03', '2025-06-30 00:36:03'),
	(349, 171, 5, 'Balasan ke-1 untuk komentar ke-5 di post 50', '2025-06-30 00:36:03', '2025-06-30 00:36:03'),
	(350, 171, 6, 'Balasan ke-2 untuk komentar ke-5 di post 50', '2025-06-30 00:36:03', '2025-06-30 00:36:03'),
	(351, 176, 2, 'apasih', '2025-07-01 22:51:52', '2025-07-01 22:51:52'),
	(352, 177, 2, 'apa sih beb', '2025-07-01 22:54:56', '2025-07-01 22:54:56'),
	(353, 177, 2, 'heheh', '2025-07-01 22:55:01', '2025-07-01 22:55:01'),
	(354, 178, 2, 'itu aplikasi orang hehehe', '2025-07-02 23:36:56', '2025-07-02 23:36:56');

-- Dumping structure for table websourcecode.failed_jobs
DROP TABLE IF EXISTS `failed_jobs`;
CREATE TABLE IF NOT EXISTS `failed_jobs` (
  `id` bigint unsigned NOT NULL AUTO_INCREMENT,
  `uuid` varchar(255) COLLATE utf8mb4_unicode_ci NOT NULL,
  `connection` text COLLATE utf8mb4_unicode_ci NOT NULL,
  `queue` text COLLATE utf8mb4_unicode_ci NOT NULL,
  `payload` longtext COLLATE utf8mb4_unicode_ci NOT NULL,
  `exception` longtext COLLATE utf8mb4_unicode_ci NOT NULL,
  `failed_at` timestamp NOT NULL DEFAULT CURRENT_TIMESTAMP,
  PRIMARY KEY (`id`),
  UNIQUE KEY `failed_jobs_uuid_unique` (`uuid`)
) ENGINE=InnoDB DEFAULT CHARSET=utf8mb4 COLLATE=utf8mb4_unicode_ci;

-- Dumping data for table websourcecode.failed_jobs: ~0 rows (approximately)

-- Dumping structure for table websourcecode.images
DROP TABLE IF EXISTS `images`;
CREATE TABLE IF NOT EXISTS `images` (
  `id` bigint unsigned NOT NULL AUTO_INCREMENT,
  `post_id` bigint unsigned NOT NULL,
  `url` varchar(255) COLLATE utf8mb4_unicode_ci NOT NULL,
  `type` enum('cover','internal') COLLATE utf8mb4_unicode_ci NOT NULL DEFAULT 'internal',
  `position` tinyint unsigned NOT NULL DEFAULT '1',
  `created_at` timestamp NULL DEFAULT NULL,
  `updated_at` timestamp NULL DEFAULT NULL,
  PRIMARY KEY (`id`),
  KEY `images_post_id_foreign` (`post_id`),
  CONSTRAINT `images_post_id_foreign` FOREIGN KEY (`post_id`) REFERENCES `posts` (`id`) ON DELETE CASCADE
) ENGINE=InnoDB AUTO_INCREMENT=222 DEFAULT CHARSET=utf8mb4 COLLATE=utf8mb4_unicode_ci;

-- Dumping data for table websourcecode.images: ~200 rows (approximately)
INSERT INTO `images` (`id`, `post_id`, `url`, `type`, `position`, `created_at`, `updated_at`) VALUES
	(1, 1, 'https://picsum.photos/600/300?random=9995', 'cover', 1, '2025-06-30 00:36:00', '2025-06-30 00:36:00'),
	(2, 1, 'https://picsum.photos/600/300?random=98329', 'internal', 1, '2025-06-30 00:36:00', '2025-06-30 00:36:00'),
	(3, 1, 'https://picsum.photos/600/300?random=73611', 'internal', 2, '2025-06-30 00:36:00', '2025-06-30 00:36:00'),
	(4, 1, 'https://picsum.photos/600/300?random=35110', 'internal', 3, '2025-06-30 00:36:00', '2025-06-30 00:36:00'),
	(5, 2, 'https://picsum.photos/600/300?random=6877', 'cover', 1, '2025-06-30 00:36:00', '2025-06-30 00:36:00'),
	(6, 2, 'https://picsum.photos/600/300?random=76154', 'internal', 1, '2025-06-30 00:36:00', '2025-06-30 00:36:00'),
	(7, 2, 'https://picsum.photos/600/300?random=13057', 'internal', 2, '2025-06-30 00:36:00', '2025-06-30 00:36:00'),
	(8, 2, 'https://picsum.photos/600/300?random=34059', 'internal', 3, '2025-06-30 00:36:00', '2025-06-30 00:36:00'),
	(9, 2, 'https://picsum.photos/600/300?random=11956', 'internal', 4, '2025-06-30 00:36:00', '2025-06-30 00:36:00'),
	(10, 3, 'https://picsum.photos/600/300?random=5054', 'cover', 1, '2025-06-30 00:36:01', '2025-06-30 00:36:01'),
	(11, 3, 'https://picsum.photos/600/300?random=49832', 'internal', 1, '2025-06-30 00:36:01', '2025-06-30 00:36:01'),
	(12, 3, 'https://picsum.photos/600/300?random=90991', 'internal', 2, '2025-06-30 00:36:01', '2025-06-30 00:36:01'),
	(13, 3, 'https://picsum.photos/600/300?random=52666', 'internal', 3, '2025-06-30 00:36:01', '2025-06-30 00:36:01'),
	(14, 3, 'https://picsum.photos/600/300?random=87718', 'internal', 4, '2025-06-30 00:36:01', '2025-06-30 00:36:01'),
	(15, 4, 'https://picsum.photos/600/300?random=2248', 'cover', 1, '2025-06-30 00:36:01', '2025-06-30 00:36:01'),
	(16, 4, 'https://picsum.photos/600/300?random=71735', 'internal', 1, '2025-06-30 00:36:01', '2025-06-30 00:36:01'),
	(17, 4, 'https://picsum.photos/600/300?random=27255', 'internal', 2, '2025-06-30 00:36:01', '2025-06-30 00:36:01'),
	(18, 4, 'https://picsum.photos/600/300?random=86568', 'internal', 3, '2025-06-30 00:36:01', '2025-06-30 00:36:01'),
	(19, 4, 'https://picsum.photos/600/300?random=50791', 'internal', 4, '2025-06-30 00:36:01', '2025-06-30 00:36:01'),
	(20, 5, 'https://picsum.photos/600/300?random=8745', 'cover', 1, '2025-06-30 00:36:01', '2025-06-30 00:36:01'),
	(21, 5, 'https://picsum.photos/600/300?random=47240', 'internal', 1, '2025-06-30 00:36:01', '2025-06-30 00:36:01'),
	(22, 5, 'https://picsum.photos/600/300?random=12637', 'internal', 2, '2025-06-30 00:36:01', '2025-06-30 00:36:01'),
	(23, 5, 'https://picsum.photos/600/300?random=69115', 'internal', 3, '2025-06-30 00:36:01', '2025-06-30 00:36:01'),
	(24, 6, 'https://picsum.photos/600/300?random=2062', 'cover', 1, '2025-06-30 00:36:01', '2025-06-30 00:36:01'),
	(25, 6, 'https://picsum.photos/600/300?random=90977', 'internal', 1, '2025-06-30 00:36:01', '2025-06-30 00:36:01'),
	(26, 6, 'https://picsum.photos/600/300?random=92757', 'internal', 2, '2025-06-30 00:36:01', '2025-06-30 00:36:01'),
	(27, 6, 'https://picsum.photos/600/300?random=11252', 'internal', 3, '2025-06-30 00:36:01', '2025-06-30 00:36:01'),
	(28, 6, 'https://picsum.photos/600/300?random=55270', 'internal', 4, '2025-06-30 00:36:01', '2025-06-30 00:36:01'),
	(29, 7, 'https://picsum.photos/600/300?random=2085', 'cover', 1, '2025-06-30 00:36:01', '2025-06-30 00:36:01'),
	(30, 7, 'https://picsum.photos/600/300?random=96610', 'internal', 1, '2025-06-30 00:36:01', '2025-06-30 00:36:01'),
	(31, 7, 'https://picsum.photos/600/300?random=98671', 'internal', 2, '2025-06-30 00:36:01', '2025-06-30 00:36:01'),
	(32, 7, 'https://picsum.photos/600/300?random=78090', 'internal', 3, '2025-06-30 00:36:01', '2025-06-30 00:36:01'),
	(33, 7, 'https://picsum.photos/600/300?random=96635', 'internal', 4, '2025-06-30 00:36:01', '2025-06-30 00:36:01'),
	(34, 8, 'https://picsum.photos/600/300?random=3182', 'cover', 1, '2025-06-30 00:36:01', '2025-06-30 00:36:01'),
	(35, 8, 'https://picsum.photos/600/300?random=84461', 'internal', 1, '2025-06-30 00:36:01', '2025-06-30 00:36:01'),
	(36, 8, 'https://picsum.photos/600/300?random=37463', 'internal', 2, '2025-06-30 00:36:01', '2025-06-30 00:36:01'),
	(37, 8, 'https://picsum.photos/600/300?random=57367', 'internal', 3, '2025-06-30 00:36:01', '2025-06-30 00:36:01'),
	(38, 9, 'https://picsum.photos/600/300?random=8021', 'cover', 1, '2025-06-30 00:36:01', '2025-06-30 00:36:01'),
	(39, 9, 'https://picsum.photos/600/300?random=47381', 'internal', 1, '2025-06-30 00:36:01', '2025-06-30 00:36:01'),
	(40, 9, 'https://picsum.photos/600/300?random=25867', 'internal', 2, '2025-06-30 00:36:01', '2025-06-30 00:36:01'),
	(41, 9, 'https://picsum.photos/600/300?random=69744', 'internal', 3, '2025-06-30 00:36:01', '2025-06-30 00:36:01'),
	(42, 10, 'https://picsum.photos/600/300?random=8289', 'cover', 1, '2025-06-30 00:36:01', '2025-06-30 00:36:01'),
	(43, 10, 'https://picsum.photos/600/300?random=87132', 'internal', 1, '2025-06-30 00:36:01', '2025-06-30 00:36:01'),
	(44, 10, 'https://picsum.photos/600/300?random=70875', 'internal', 2, '2025-06-30 00:36:01', '2025-06-30 00:36:01'),
	(45, 11, 'https://picsum.photos/600/300?random=3069', 'cover', 1, '2025-06-30 00:36:01', '2025-06-30 00:36:01'),
	(46, 11, 'https://picsum.photos/600/300?random=87084', 'internal', 1, '2025-06-30 00:36:01', '2025-06-30 00:36:01'),
	(47, 11, 'https://picsum.photos/600/300?random=56373', 'internal', 2, '2025-06-30 00:36:01', '2025-06-30 00:36:01'),
	(48, 12, 'https://picsum.photos/600/300?random=2797', 'cover', 1, '2025-06-30 00:36:01', '2025-06-30 00:36:01'),
	(49, 12, 'https://picsum.photos/600/300?random=35343', 'internal', 1, '2025-06-30 00:36:01', '2025-06-30 00:36:01'),
	(50, 12, 'https://picsum.photos/600/300?random=12874', 'internal', 2, '2025-06-30 00:36:01', '2025-06-30 00:36:01'),
	(51, 12, 'https://picsum.photos/600/300?random=80949', 'internal', 3, '2025-06-30 00:36:01', '2025-06-30 00:36:01'),
	(52, 12, 'https://picsum.photos/600/300?random=98476', 'internal', 4, '2025-06-30 00:36:01', '2025-06-30 00:36:01'),
	(53, 13, 'https://picsum.photos/600/300?random=7669', 'cover', 1, '2025-06-30 00:36:01', '2025-06-30 00:36:01'),
	(54, 13, 'https://picsum.photos/600/300?random=57973', 'internal', 1, '2025-06-30 00:36:01', '2025-06-30 00:36:01'),
	(55, 13, 'https://picsum.photos/600/300?random=70156', 'internal', 2, '2025-06-30 00:36:01', '2025-06-30 00:36:01'),
	(56, 13, 'https://picsum.photos/600/300?random=39623', 'internal', 3, '2025-06-30 00:36:01', '2025-06-30 00:36:01'),
	(57, 14, 'https://picsum.photos/600/300?random=3534', 'cover', 1, '2025-06-30 00:36:01', '2025-06-30 00:36:01'),
	(58, 14, 'https://picsum.photos/600/300?random=83725', 'internal', 1, '2025-06-30 00:36:01', '2025-06-30 00:36:01'),
	(59, 14, 'https://picsum.photos/600/300?random=49461', 'internal', 2, '2025-06-30 00:36:01', '2025-06-30 00:36:01'),
	(60, 15, 'https://picsum.photos/600/300?random=2568', 'cover', 1, '2025-06-30 00:36:01', '2025-06-30 00:36:01'),
	(61, 15, 'https://picsum.photos/600/300?random=46062', 'internal', 1, '2025-06-30 00:36:01', '2025-06-30 00:36:01'),
	(62, 15, 'https://picsum.photos/600/300?random=14347', 'internal', 2, '2025-06-30 00:36:01', '2025-06-30 00:36:01'),
	(63, 15, 'https://picsum.photos/600/300?random=65636', 'internal', 3, '2025-06-30 00:36:01', '2025-06-30 00:36:01'),
	(64, 15, 'https://picsum.photos/600/300?random=72899', 'internal', 4, '2025-06-30 00:36:01', '2025-06-30 00:36:01'),
	(65, 16, 'https://picsum.photos/600/300?random=1512', 'cover', 1, '2025-06-30 00:36:01', '2025-06-30 00:36:01'),
	(66, 16, 'https://picsum.photos/600/300?random=35811', 'internal', 1, '2025-06-30 00:36:01', '2025-06-30 00:36:01'),
	(67, 16, 'https://picsum.photos/600/300?random=23010', 'internal', 2, '2025-06-30 00:36:01', '2025-06-30 00:36:01'),
	(68, 16, 'https://picsum.photos/600/300?random=96130', 'internal', 3, '2025-06-30 00:36:01', '2025-06-30 00:36:01'),
	(69, 17, 'https://picsum.photos/600/300?random=5104', 'cover', 1, '2025-06-30 00:36:01', '2025-06-30 00:36:01'),
	(70, 17, 'https://picsum.photos/600/300?random=40063', 'internal', 1, '2025-06-30 00:36:01', '2025-06-30 00:36:01'),
	(71, 17, 'https://picsum.photos/600/300?random=96063', 'internal', 2, '2025-06-30 00:36:01', '2025-06-30 00:36:01'),
	(72, 17, 'https://picsum.photos/600/300?random=95052', 'internal', 3, '2025-06-30 00:36:01', '2025-06-30 00:36:01'),
	(73, 17, 'https://picsum.photos/600/300?random=93373', 'internal', 4, '2025-06-30 00:36:01', '2025-06-30 00:36:01'),
	(74, 18, 'https://picsum.photos/600/300?random=5079', 'cover', 1, '2025-06-30 00:36:01', '2025-06-30 00:36:01'),
	(75, 18, 'https://picsum.photos/600/300?random=12156', 'internal', 1, '2025-06-30 00:36:01', '2025-06-30 00:36:01'),
	(76, 18, 'https://picsum.photos/600/300?random=64286', 'internal', 2, '2025-06-30 00:36:01', '2025-06-30 00:36:01'),
	(77, 18, 'https://picsum.photos/600/300?random=72919', 'internal', 3, '2025-06-30 00:36:01', '2025-06-30 00:36:01'),
	(78, 19, 'https://picsum.photos/600/300?random=8106', 'cover', 1, '2025-06-30 00:36:01', '2025-06-30 00:36:01'),
	(79, 19, 'https://picsum.photos/600/300?random=15856', 'internal', 1, '2025-06-30 00:36:01', '2025-06-30 00:36:01'),
	(80, 19, 'https://picsum.photos/600/300?random=45743', 'internal', 2, '2025-06-30 00:36:01', '2025-06-30 00:36:01'),
	(81, 20, 'https://picsum.photos/600/300?random=8960', 'cover', 1, '2025-06-30 00:36:01', '2025-06-30 00:36:01'),
	(82, 20, 'https://picsum.photos/600/300?random=91016', 'internal', 1, '2025-06-30 00:36:01', '2025-06-30 00:36:01'),
	(83, 20, 'https://picsum.photos/600/300?random=54855', 'internal', 2, '2025-06-30 00:36:01', '2025-06-30 00:36:01'),
	(84, 21, 'https://picsum.photos/600/300?random=2251', 'cover', 1, '2025-06-30 00:36:01', '2025-06-30 00:36:01'),
	(85, 21, 'https://picsum.photos/600/300?random=52507', 'internal', 1, '2025-06-30 00:36:01', '2025-06-30 00:36:01'),
	(86, 21, 'https://picsum.photos/600/300?random=40095', 'internal', 2, '2025-06-30 00:36:01', '2025-06-30 00:36:01'),
	(87, 21, 'https://picsum.photos/600/300?random=72511', 'internal', 3, '2025-06-30 00:36:01', '2025-06-30 00:36:01'),
	(88, 21, 'https://picsum.photos/600/300?random=65995', 'internal', 4, '2025-06-30 00:36:01', '2025-06-30 00:36:01'),
	(89, 22, 'https://picsum.photos/600/300?random=6482', 'cover', 1, '2025-06-30 00:36:01', '2025-06-30 00:36:01'),
	(90, 22, 'https://picsum.photos/600/300?random=22965', 'internal', 1, '2025-06-30 00:36:01', '2025-06-30 00:36:01'),
	(91, 22, 'https://picsum.photos/600/300?random=13546', 'internal', 2, '2025-06-30 00:36:01', '2025-06-30 00:36:01'),
	(92, 22, 'https://picsum.photos/600/300?random=42074', 'internal', 3, '2025-06-30 00:36:01', '2025-06-30 00:36:01'),
	(93, 22, 'https://picsum.photos/600/300?random=53040', 'internal', 4, '2025-06-30 00:36:01', '2025-06-30 00:36:01'),
	(94, 23, 'https://picsum.photos/600/300?random=2469', 'cover', 1, '2025-06-30 00:36:02', '2025-06-30 00:36:02'),
	(95, 23, 'https://picsum.photos/600/300?random=44134', 'internal', 1, '2025-06-30 00:36:02', '2025-06-30 00:36:02'),
	(96, 23, 'https://picsum.photos/600/300?random=68369', 'internal', 2, '2025-06-30 00:36:02', '2025-06-30 00:36:02'),
	(97, 23, 'https://picsum.photos/600/300?random=21046', 'internal', 3, '2025-06-30 00:36:02', '2025-06-30 00:36:02'),
	(98, 24, 'https://picsum.photos/600/300?random=1001', 'cover', 1, '2025-06-30 00:36:02', '2025-06-30 00:36:02'),
	(99, 24, 'https://picsum.photos/600/300?random=35060', 'internal', 1, '2025-06-30 00:36:02', '2025-06-30 00:36:02'),
	(100, 24, 'https://picsum.photos/600/300?random=38145', 'internal', 2, '2025-06-30 00:36:02', '2025-06-30 00:36:02'),
	(101, 24, 'https://picsum.photos/600/300?random=56770', 'internal', 3, '2025-06-30 00:36:02', '2025-06-30 00:36:02'),
	(102, 25, 'https://picsum.photos/600/300?random=7145', 'cover', 1, '2025-06-30 00:36:02', '2025-06-30 00:36:02'),
	(103, 25, 'https://picsum.photos/600/300?random=45505', 'internal', 1, '2025-06-30 00:36:02', '2025-06-30 00:36:02'),
	(104, 25, 'https://picsum.photos/600/300?random=93142', 'internal', 2, '2025-06-30 00:36:02', '2025-06-30 00:36:02'),
	(105, 25, 'https://picsum.photos/600/300?random=27721', 'internal', 3, '2025-06-30 00:36:02', '2025-06-30 00:36:02'),
	(106, 25, 'https://picsum.photos/600/300?random=24084', 'internal', 4, '2025-06-30 00:36:02', '2025-06-30 00:36:02'),
	(107, 26, 'https://picsum.photos/600/300?random=9183', 'cover', 1, '2025-06-30 00:36:02', '2025-06-30 00:36:02'),
	(108, 26, 'https://picsum.photos/600/300?random=15777', 'internal', 1, '2025-06-30 00:36:02', '2025-06-30 00:36:02'),
	(109, 26, 'https://picsum.photos/600/300?random=80390', 'internal', 2, '2025-06-30 00:36:02', '2025-06-30 00:36:02'),
	(110, 26, 'https://picsum.photos/600/300?random=73662', 'internal', 3, '2025-06-30 00:36:02', '2025-06-30 00:36:02'),
	(111, 26, 'https://picsum.photos/600/300?random=14484', 'internal', 4, '2025-06-30 00:36:02', '2025-06-30 00:36:02'),
	(112, 27, 'https://picsum.photos/600/300?random=7073', 'cover', 1, '2025-06-30 00:36:02', '2025-06-30 00:36:02'),
	(113, 27, 'https://picsum.photos/600/300?random=48463', 'internal', 1, '2025-06-30 00:36:02', '2025-06-30 00:36:02'),
	(114, 27, 'https://picsum.photos/600/300?random=90507', 'internal', 2, '2025-06-30 00:36:02', '2025-06-30 00:36:02'),
	(115, 27, 'https://picsum.photos/600/300?random=33053', 'internal', 3, '2025-06-30 00:36:02', '2025-06-30 00:36:02'),
	(116, 27, 'https://picsum.photos/600/300?random=63853', 'internal', 4, '2025-06-30 00:36:02', '2025-06-30 00:36:02'),
	(117, 28, 'https://picsum.photos/600/300?random=7545', 'cover', 1, '2025-06-30 00:36:02', '2025-06-30 00:36:02'),
	(118, 28, 'https://picsum.photos/600/300?random=16917', 'internal', 1, '2025-06-30 00:36:02', '2025-06-30 00:36:02'),
	(119, 28, 'https://picsum.photos/600/300?random=29223', 'internal', 2, '2025-06-30 00:36:02', '2025-06-30 00:36:02'),
	(120, 29, 'https://picsum.photos/600/300?random=1694', 'cover', 1, '2025-06-30 00:36:02', '2025-06-30 00:36:02'),
	(121, 29, 'https://picsum.photos/600/300?random=31735', 'internal', 1, '2025-06-30 00:36:02', '2025-06-30 00:36:02'),
	(122, 29, 'https://picsum.photos/600/300?random=49933', 'internal', 2, '2025-06-30 00:36:02', '2025-06-30 00:36:02'),
	(123, 30, 'https://picsum.photos/600/300?random=5792', 'cover', 1, '2025-06-30 00:36:02', '2025-06-30 00:36:02'),
	(124, 30, 'https://picsum.photos/600/300?random=45890', 'internal', 1, '2025-06-30 00:36:02', '2025-06-30 00:36:02'),
	(125, 30, 'https://picsum.photos/600/300?random=32615', 'internal', 2, '2025-06-30 00:36:02', '2025-06-30 00:36:02'),
	(126, 31, 'https://picsum.photos/600/300?random=6902', 'cover', 1, '2025-06-30 00:36:02', '2025-06-30 00:36:02'),
	(127, 31, 'https://picsum.photos/600/300?random=54111', 'internal', 1, '2025-06-30 00:36:02', '2025-06-30 00:36:02'),
	(128, 31, 'https://picsum.photos/600/300?random=18564', 'internal', 2, '2025-06-30 00:36:02', '2025-06-30 00:36:02'),
	(129, 32, 'https://picsum.photos/600/300?random=2198', 'cover', 1, '2025-06-30 00:36:02', '2025-06-30 00:36:02'),
	(130, 32, 'https://picsum.photos/600/300?random=70831', 'internal', 1, '2025-06-30 00:36:02', '2025-06-30 00:36:02'),
	(131, 32, 'https://picsum.photos/600/300?random=60796', 'internal', 2, '2025-06-30 00:36:02', '2025-06-30 00:36:02'),
	(132, 32, 'https://picsum.photos/600/300?random=73244', 'internal', 3, '2025-06-30 00:36:02', '2025-06-30 00:36:02'),
	(133, 33, 'https://picsum.photos/600/300?random=5429', 'cover', 1, '2025-06-30 00:36:02', '2025-06-30 00:36:02'),
	(134, 33, 'https://picsum.photos/600/300?random=98029', 'internal', 1, '2025-06-30 00:36:02', '2025-06-30 00:36:02'),
	(135, 33, 'https://picsum.photos/600/300?random=35252', 'internal', 2, '2025-06-30 00:36:02', '2025-06-30 00:36:02'),
	(136, 34, 'https://picsum.photos/600/300?random=1556', 'cover', 1, '2025-06-30 00:36:02', '2025-06-30 00:36:02'),
	(137, 34, 'https://picsum.photos/600/300?random=85065', 'internal', 1, '2025-06-30 00:36:02', '2025-06-30 00:36:02'),
	(138, 34, 'https://picsum.photos/600/300?random=91527', 'internal', 2, '2025-06-30 00:36:02', '2025-06-30 00:36:02'),
	(139, 35, 'https://picsum.photos/600/300?random=9543', 'cover', 1, '2025-06-30 00:36:02', '2025-06-30 00:36:02'),
	(140, 35, 'https://picsum.photos/600/300?random=33895', 'internal', 1, '2025-06-30 00:36:02', '2025-06-30 00:36:02'),
	(141, 35, 'https://picsum.photos/600/300?random=12722', 'internal', 2, '2025-06-30 00:36:02', '2025-06-30 00:36:02'),
	(142, 35, 'https://picsum.photos/600/300?random=19075', 'internal', 3, '2025-06-30 00:36:02', '2025-06-30 00:36:02'),
	(143, 36, 'https://picsum.photos/600/300?random=3339', 'cover', 1, '2025-06-30 00:36:02', '2025-06-30 00:36:02'),
	(144, 36, 'https://picsum.photos/600/300?random=75238', 'internal', 1, '2025-06-30 00:36:02', '2025-06-30 00:36:02'),
	(145, 36, 'https://picsum.photos/600/300?random=24414', 'internal', 2, '2025-06-30 00:36:02', '2025-06-30 00:36:02'),
	(146, 37, 'https://picsum.photos/600/300?random=7442', 'cover', 1, '2025-06-30 00:36:02', '2025-06-30 00:36:02'),
	(147, 37, 'https://picsum.photos/600/300?random=12612', 'internal', 1, '2025-06-30 00:36:02', '2025-06-30 00:36:02'),
	(148, 37, 'https://picsum.photos/600/300?random=28965', 'internal', 2, '2025-06-30 00:36:02', '2025-06-30 00:36:02'),
	(149, 38, 'https://picsum.photos/600/300?random=2741', 'cover', 1, '2025-06-30 00:36:02', '2025-06-30 00:36:02'),
	(150, 38, 'https://picsum.photos/600/300?random=79350', 'internal', 1, '2025-06-30 00:36:02', '2025-06-30 00:36:02'),
	(151, 38, 'https://picsum.photos/600/300?random=12935', 'internal', 2, '2025-06-30 00:36:02', '2025-06-30 00:36:02'),
	(152, 39, 'https://picsum.photos/600/300?random=9015', 'cover', 1, '2025-06-30 00:36:02', '2025-06-30 00:36:02'),
	(153, 39, 'https://picsum.photos/600/300?random=35039', 'internal', 1, '2025-06-30 00:36:02', '2025-06-30 00:36:02'),
	(154, 39, 'https://picsum.photos/600/300?random=21988', 'internal', 2, '2025-06-30 00:36:02', '2025-06-30 00:36:02'),
	(155, 40, 'https://picsum.photos/600/300?random=3050', 'cover', 1, '2025-06-30 00:36:02', '2025-06-30 00:36:02'),
	(156, 40, 'https://picsum.photos/600/300?random=80983', 'internal', 1, '2025-06-30 00:36:02', '2025-06-30 00:36:02'),
	(157, 40, 'https://picsum.photos/600/300?random=46564', 'internal', 2, '2025-06-30 00:36:02', '2025-06-30 00:36:02'),
	(158, 41, 'https://picsum.photos/600/300?random=9549', 'cover', 1, '2025-06-30 00:36:02', '2025-06-30 00:36:02'),
	(159, 41, 'https://picsum.photos/600/300?random=64232', 'internal', 1, '2025-06-30 00:36:02', '2025-06-30 00:36:02'),
	(160, 41, 'https://picsum.photos/600/300?random=77176', 'internal', 2, '2025-06-30 00:36:02', '2025-06-30 00:36:02'),
	(161, 41, 'https://picsum.photos/600/300?random=98720', 'internal', 3, '2025-06-30 00:36:02', '2025-06-30 00:36:02'),
	(162, 41, 'https://picsum.photos/600/300?random=80043', 'internal', 4, '2025-06-30 00:36:02', '2025-06-30 00:36:02'),
	(163, 42, 'https://picsum.photos/600/300?random=8378', 'cover', 1, '2025-06-30 00:36:02', '2025-06-30 00:36:02'),
	(164, 42, 'https://picsum.photos/600/300?random=70215', 'internal', 1, '2025-06-30 00:36:02', '2025-06-30 00:36:02'),
	(165, 42, 'https://picsum.photos/600/300?random=67917', 'internal', 2, '2025-06-30 00:36:02', '2025-06-30 00:36:02'),
	(166, 42, 'https://picsum.photos/600/300?random=90140', 'internal', 3, '2025-06-30 00:36:02', '2025-06-30 00:36:02'),
	(167, 43, 'https://picsum.photos/600/300?random=8575', 'cover', 1, '2025-06-30 00:36:02', '2025-06-30 00:36:02'),
	(168, 43, 'https://picsum.photos/600/300?random=55462', 'internal', 1, '2025-06-30 00:36:02', '2025-06-30 00:36:02'),
	(169, 43, 'https://picsum.photos/600/300?random=35424', 'internal', 2, '2025-06-30 00:36:02', '2025-06-30 00:36:02'),
	(170, 43, 'https://picsum.photos/600/300?random=75570', 'internal', 3, '2025-06-30 00:36:02', '2025-06-30 00:36:02'),
	(171, 43, 'https://picsum.photos/600/300?random=84231', 'internal', 4, '2025-06-30 00:36:02', '2025-06-30 00:36:02'),
	(172, 44, 'https://picsum.photos/600/300?random=8357', 'cover', 1, '2025-06-30 00:36:03', '2025-06-30 00:36:03'),
	(173, 44, 'https://picsum.photos/600/300?random=85879', 'internal', 1, '2025-06-30 00:36:03', '2025-06-30 00:36:03'),
	(174, 44, 'https://picsum.photos/600/300?random=44213', 'internal', 2, '2025-06-30 00:36:03', '2025-06-30 00:36:03'),
	(175, 44, 'https://picsum.photos/600/300?random=48026', 'internal', 3, '2025-06-30 00:36:03', '2025-06-30 00:36:03'),
	(176, 44, 'https://picsum.photos/600/300?random=60189', 'internal', 4, '2025-06-30 00:36:03', '2025-06-30 00:36:03'),
	(177, 45, 'https://picsum.photos/600/300?random=8242', 'cover', 1, '2025-06-30 00:36:03', '2025-06-30 00:36:03'),
	(178, 45, 'https://picsum.photos/600/300?random=39279', 'internal', 1, '2025-06-30 00:36:03', '2025-06-30 00:36:03'),
	(179, 45, 'https://picsum.photos/600/300?random=41390', 'internal', 2, '2025-06-30 00:36:03', '2025-06-30 00:36:03'),
	(180, 45, 'https://picsum.photos/600/300?random=17218', 'internal', 3, '2025-06-30 00:36:03', '2025-06-30 00:36:03'),
	(181, 46, 'https://picsum.photos/600/300?random=6564', 'cover', 1, '2025-06-30 00:36:03', '2025-06-30 00:36:03'),
	(182, 46, 'https://picsum.photos/600/300?random=36966', 'internal', 1, '2025-06-30 00:36:03', '2025-06-30 00:36:03'),
	(183, 46, 'https://picsum.photos/600/300?random=46588', 'internal', 2, '2025-06-30 00:36:03', '2025-06-30 00:36:03'),
	(184, 46, 'https://picsum.photos/600/300?random=13947', 'internal', 3, '2025-06-30 00:36:03', '2025-06-30 00:36:03'),
	(185, 46, 'https://picsum.photos/600/300?random=93733', 'internal', 4, '2025-06-30 00:36:03', '2025-06-30 00:36:03'),
	(186, 47, 'https://picsum.photos/600/300?random=9331', 'cover', 1, '2025-06-30 00:36:03', '2025-06-30 00:36:03'),
	(187, 47, 'https://picsum.photos/600/300?random=13053', 'internal', 1, '2025-06-30 00:36:03', '2025-06-30 00:36:03'),
	(188, 47, 'https://picsum.photos/600/300?random=99846', 'internal', 2, '2025-06-30 00:36:03', '2025-06-30 00:36:03'),
	(189, 48, 'https://picsum.photos/600/300?random=6832', 'cover', 1, '2025-06-30 00:36:03', '2025-06-30 00:36:03'),
	(190, 48, 'https://picsum.photos/600/300?random=34391', 'internal', 1, '2025-06-30 00:36:03', '2025-06-30 00:36:03'),
	(191, 48, 'https://picsum.photos/600/300?random=20316', 'internal', 2, '2025-06-30 00:36:03', '2025-06-30 00:36:03'),
	(192, 49, 'https://picsum.photos/600/300?random=1989', 'cover', 1, '2025-06-30 00:36:03', '2025-06-30 00:36:03'),
	(193, 49, 'https://picsum.photos/600/300?random=25030', 'internal', 1, '2025-06-30 00:36:03', '2025-06-30 00:36:03'),
	(194, 49, 'https://picsum.photos/600/300?random=52572', 'internal', 2, '2025-06-30 00:36:03', '2025-06-30 00:36:03'),
	(195, 49, 'https://picsum.photos/600/300?random=70332', 'internal', 3, '2025-06-30 00:36:03', '2025-06-30 00:36:03'),
	(196, 49, 'https://picsum.photos/600/300?random=57396', 'internal', 4, '2025-06-30 00:36:03', '2025-06-30 00:36:03'),
	(197, 50, 'https://picsum.photos/600/300?random=5265', 'cover', 1, '2025-06-30 00:36:03', '2025-06-30 00:36:03'),
	(198, 50, 'https://picsum.photos/600/300?random=84449', 'internal', 1, '2025-06-30 00:36:03', '2025-06-30 00:36:03'),
	(199, 50, 'https://picsum.photos/600/300?random=90607', 'internal', 2, '2025-06-30 00:36:03', '2025-06-30 00:36:03'),
	(200, 50, 'https://picsum.photos/600/300?random=29523', 'internal', 3, '2025-06-30 00:36:03', '2025-06-30 00:36:03'),
	(201, 51, '/storage/posts/lEXlUwnxCn57OZh8hTiYpBS4WJ3TVqloJcXCOIfq.jpg', 'cover', 1, '2025-06-30 00:43:49', '2025-06-30 00:43:49'),
	(205, 51, '/storage/images/ZnqQc01TITIV4a4DZZSUi0zcHtZiOKRm2Kfbp1D0.jpg', 'internal', 1, '2025-06-30 00:44:20', '2025-06-30 00:44:20'),
	(206, 51, '/storage/images/yiCx3l4eSC5xY0S5hbt7p1DwKZr2aWP6q8r7HiQ9.jpg', 'internal', 2, '2025-06-30 00:44:20', '2025-06-30 00:44:20'),
	(207, 51, '/storage/images/U0zfw14QpUcJsqK5Y7MUrZXrLqfzJ0YnynvXR7lM.jpg', 'internal', 3, '2025-06-30 00:44:20', '2025-06-30 00:44:20'),
	(208, 52, '/storage/posts/WgKwP0lQortm4xAoPfEVIzT5lC3373EDyO3aA18r.png', 'cover', 1, '2025-07-01 21:36:34', '2025-07-01 21:36:34'),
	(209, 52, '/storage/posts/vXv1GMUwXsTRZnaeM4bYygKLeH82ZeMcoetJHRch.png', 'internal', 1, '2025-07-01 21:36:34', '2025-07-01 21:36:34'),
	(210, 52, '/storage/posts/0flqJWjggZ2agtIFoCBXqZ7nSFGqJh2QUL1kS0QP.png', 'internal', 2, '2025-07-01 21:36:34', '2025-07-01 21:36:34'),
	(211, 53, '/storage/posts/ai6I4dIXRc1vqzpGS4D7Wcf2chSikQ99smKvHGPG.png', 'cover', 1, '2025-07-02 23:32:50', '2025-07-02 23:32:50'),
	(212, 53, '/storage/posts/B1IZHbSS9aIeevhWO50BWipxKM7OIqcS8FX67M4k.png', 'internal', 1, '2025-07-02 23:32:50', '2025-07-02 23:32:50'),
	(213, 53, '/storage/posts/RgPPe0fnzYlzx0CDvDIcrnPYuLDSemKyY9bSNUYd.png', 'internal', 2, '2025-07-02 23:32:50', '2025-07-02 23:32:50'),
	(214, 53, '/storage/posts/VPjEKXK7y6qi9QSS26gyQ5xjd0fqTrRwXqlNRVDb.png', 'internal', 3, '2025-07-02 23:32:50', '2025-07-02 23:32:50'),
	(215, 54, '/storage/posts/LnQRcftswThv3XbosccOEbxX3z3YXlaJcS3LIt9w.png', 'cover', 1, '2025-07-02 23:35:41', '2025-07-02 23:35:41'),
	(216, 54, '/storage/posts/0pLwopCDLZ48wsNpeFC0Mb4mnmOVOvMOBbUFDU7W.png', 'internal', 1, '2025-07-02 23:35:41', '2025-07-02 23:35:41'),
	(217, 54, '/storage/posts/oZ9zgfKDr0seK8EXfAUGTTnW27lR2Kd40hc3PM0G.png', 'internal', 2, '2025-07-02 23:35:41', '2025-07-02 23:35:41'),
	(218, 54, '/storage/posts/stFuwrfQehQ36x2zi4gSHYQ6HSO6kAKWa1Js8Eir.png', 'internal', 3, '2025-07-02 23:35:41', '2025-07-02 23:35:41'),
	(219, 55, '/storage/posts/5c1nlBT0wTFavm0Xfn4PIvMqxjJgijcbxcgnhUPz.png', 'cover', 1, '2025-07-03 21:27:45', '2025-07-03 21:27:45'),
	(220, 55, '/storage/posts/JFSxEwXfRK5XkPXHfJlNg2CpCh2sc0ZVMPWhgsDy.png', 'internal', 1, '2025-07-03 21:27:45', '2025-07-03 21:27:45'),
	(221, 55, '/storage/posts/WWYz96bRCSqVfH0YEB7fbAWH5EanQrPD3TqzEFl8.png', 'internal', 2, '2025-07-03 21:27:45', '2025-07-03 21:27:45');

-- Dumping structure for table websourcecode.jobs
DROP TABLE IF EXISTS `jobs`;
CREATE TABLE IF NOT EXISTS `jobs` (
  `id` bigint unsigned NOT NULL AUTO_INCREMENT,
  `queue` varchar(255) COLLATE utf8mb4_unicode_ci NOT NULL,
  `payload` longtext COLLATE utf8mb4_unicode_ci NOT NULL,
  `attempts` tinyint unsigned NOT NULL,
  `reserved_at` int unsigned DEFAULT NULL,
  `available_at` int unsigned NOT NULL,
  `created_at` int unsigned NOT NULL,
  PRIMARY KEY (`id`),
  KEY `jobs_queue_index` (`queue`)
) ENGINE=InnoDB DEFAULT CHARSET=utf8mb4 COLLATE=utf8mb4_unicode_ci;

-- Dumping data for table websourcecode.jobs: ~0 rows (approximately)

-- Dumping structure for table websourcecode.job_batches
DROP TABLE IF EXISTS `job_batches`;
CREATE TABLE IF NOT EXISTS `job_batches` (
  `id` varchar(255) COLLATE utf8mb4_unicode_ci NOT NULL,
  `name` varchar(255) COLLATE utf8mb4_unicode_ci NOT NULL,
  `total_jobs` int NOT NULL,
  `pending_jobs` int NOT NULL,
  `failed_jobs` int NOT NULL,
  `failed_job_ids` longtext COLLATE utf8mb4_unicode_ci NOT NULL,
  `options` mediumtext COLLATE utf8mb4_unicode_ci,
  `cancelled_at` int DEFAULT NULL,
  `created_at` int NOT NULL,
  `finished_at` int DEFAULT NULL,
  PRIMARY KEY (`id`)
) ENGINE=InnoDB DEFAULT CHARSET=utf8mb4 COLLATE=utf8mb4_unicode_ci;

-- Dumping data for table websourcecode.job_batches: ~0 rows (approximately)

-- Dumping structure for table websourcecode.migrations
DROP TABLE IF EXISTS `migrations`;
CREATE TABLE IF NOT EXISTS `migrations` (
  `id` int unsigned NOT NULL AUTO_INCREMENT,
  `migration` varchar(255) COLLATE utf8mb4_unicode_ci NOT NULL,
  `batch` int NOT NULL,
  PRIMARY KEY (`id`)
) ENGINE=InnoDB AUTO_INCREMENT=17 DEFAULT CHARSET=utf8mb4 COLLATE=utf8mb4_unicode_ci;

-- Dumping data for table websourcecode.migrations: ~0 rows (approximately)
INSERT INTO `migrations` (`id`, `migration`, `batch`) VALUES
	(1, '0001_01_01_000000_create_users_table', 1),
	(2, '0001_01_01_000001_create_cache_table', 1),
	(3, '0001_01_01_000002_create_jobs_table', 1),
	(4, '2025_06_30_040607_add_two_factor_columns_to_users_table', 1),
	(5, '2025_06_30_040704_create_personal_access_tokens_table', 1),
	(6, '2025_06_30_041351_create_categories_table', 1),
	(7, '2025_06_30_041354_create_posts_table', 1),
	(8, '2025_06_30_041409_create_technologies_table', 1),
	(9, '2025_06_30_041413_create_tags_table', 1),
	(10, '2025_06_30_041417_create_images_table', 1),
	(11, '2025_06_30_041421_create_comments_table', 1),
	(12, '2025_06_30_041426_create_comment_replies_table', 1),
	(13, '2025_06_30_041522_create_post_technology_table', 1),
	(14, '2025_06_30_041813_create_post_tag_table', 1),
	(15, '2025_06_30_073334_add_url_download_to_posts_table', 1),
	(16, '2025_07_03_073438_create_permission_tables', 2);

-- Dumping structure for table websourcecode.model_has_permissions
DROP TABLE IF EXISTS `model_has_permissions`;
CREATE TABLE IF NOT EXISTS `model_has_permissions` (
  `permission_id` bigint unsigned NOT NULL,
  `model_type` varchar(255) COLLATE utf8mb4_unicode_ci NOT NULL,
  `model_id` bigint unsigned NOT NULL,
  PRIMARY KEY (`permission_id`,`model_id`,`model_type`),
  KEY `model_has_permissions_model_id_model_type_index` (`model_id`,`model_type`),
  CONSTRAINT `model_has_permissions_permission_id_foreign` FOREIGN KEY (`permission_id`) REFERENCES `permissions` (`id`) ON DELETE CASCADE
) ENGINE=InnoDB DEFAULT CHARSET=utf8mb4 COLLATE=utf8mb4_unicode_ci;

-- Dumping data for table websourcecode.model_has_permissions: ~0 rows (approximately)

-- Dumping structure for table websourcecode.model_has_roles
DROP TABLE IF EXISTS `model_has_roles`;
CREATE TABLE IF NOT EXISTS `model_has_roles` (
  `role_id` bigint unsigned NOT NULL,
  `model_type` varchar(255) COLLATE utf8mb4_unicode_ci NOT NULL,
  `model_id` bigint unsigned NOT NULL,
  PRIMARY KEY (`role_id`,`model_id`,`model_type`),
  KEY `model_has_roles_model_id_model_type_index` (`model_id`,`model_type`),
  CONSTRAINT `model_has_roles_role_id_foreign` FOREIGN KEY (`role_id`) REFERENCES `roles` (`id`) ON DELETE CASCADE
) ENGINE=InnoDB DEFAULT CHARSET=utf8mb4 COLLATE=utf8mb4_unicode_ci;

-- Dumping data for table websourcecode.model_has_roles: ~4 rows (approximately)
INSERT INTO `model_has_roles` (`role_id`, `model_type`, `model_id`) VALUES
	(1, 'App\\Models\\User', 1),
	(1, 'App\\Models\\User', 2),
	(1, 'App\\Models\\User', 12),
	(2, 'App\\Models\\User', 13);

-- Dumping structure for table websourcecode.password_reset_tokens
DROP TABLE IF EXISTS `password_reset_tokens`;
CREATE TABLE IF NOT EXISTS `password_reset_tokens` (
  `email` varchar(255) COLLATE utf8mb4_unicode_ci NOT NULL,
  `token` varchar(255) COLLATE utf8mb4_unicode_ci NOT NULL,
  `created_at` timestamp NULL DEFAULT NULL,
  PRIMARY KEY (`email`)
) ENGINE=InnoDB DEFAULT CHARSET=utf8mb4 COLLATE=utf8mb4_unicode_ci;

-- Dumping data for table websourcecode.password_reset_tokens: ~0 rows (approximately)

-- Dumping structure for table websourcecode.permissions
DROP TABLE IF EXISTS `permissions`;
CREATE TABLE IF NOT EXISTS `permissions` (
  `id` bigint unsigned NOT NULL AUTO_INCREMENT,
  `name` varchar(255) COLLATE utf8mb4_unicode_ci NOT NULL,
  `guard_name` varchar(255) COLLATE utf8mb4_unicode_ci NOT NULL,
  `created_at` timestamp NULL DEFAULT NULL,
  `updated_at` timestamp NULL DEFAULT NULL,
  PRIMARY KEY (`id`),
  UNIQUE KEY `permissions_name_guard_name_unique` (`name`,`guard_name`)
) ENGINE=InnoDB AUTO_INCREMENT=3 DEFAULT CHARSET=utf8mb4 COLLATE=utf8mb4_unicode_ci;

-- Dumping data for table websourcecode.permissions: ~2 rows (approximately)
INSERT INTO `permissions` (`id`, `name`, `guard_name`, `created_at`, `updated_at`) VALUES
	(1, 'manage posts', 'web', '2025-07-03 00:37:10', '2025-07-03 00:37:10'),
	(2, 'view posts', 'web', '2025-07-03 00:37:10', '2025-07-03 00:37:10');

-- Dumping structure for table websourcecode.personal_access_tokens
DROP TABLE IF EXISTS `personal_access_tokens`;
CREATE TABLE IF NOT EXISTS `personal_access_tokens` (
  `id` bigint unsigned NOT NULL AUTO_INCREMENT,
  `tokenable_type` varchar(255) COLLATE utf8mb4_unicode_ci NOT NULL,
  `tokenable_id` bigint unsigned NOT NULL,
  `name` varchar(255) COLLATE utf8mb4_unicode_ci NOT NULL,
  `token` varchar(64) COLLATE utf8mb4_unicode_ci NOT NULL,
  `abilities` text COLLATE utf8mb4_unicode_ci,
  `last_used_at` timestamp NULL DEFAULT NULL,
  `expires_at` timestamp NULL DEFAULT NULL,
  `created_at` timestamp NULL DEFAULT NULL,
  `updated_at` timestamp NULL DEFAULT NULL,
  PRIMARY KEY (`id`),
  UNIQUE KEY `personal_access_tokens_token_unique` (`token`),
  KEY `personal_access_tokens_tokenable_type_tokenable_id_index` (`tokenable_type`,`tokenable_id`)
) ENGINE=InnoDB DEFAULT CHARSET=utf8mb4 COLLATE=utf8mb4_unicode_ci;

-- Dumping data for table websourcecode.personal_access_tokens: ~0 rows (approximately)

-- Dumping structure for table websourcecode.posts
DROP TABLE IF EXISTS `posts`;
CREATE TABLE IF NOT EXISTS `posts` (
  `id` bigint unsigned NOT NULL AUTO_INCREMENT,
  `title` varchar(255) COLLATE utf8mb4_unicode_ci NOT NULL,
  `slug` varchar(255) COLLATE utf8mb4_unicode_ci NOT NULL,
  `description` text COLLATE utf8mb4_unicode_ci,
  `content` longtext COLLATE utf8mb4_unicode_ci,
  `url_download` varchar(255) COLLATE utf8mb4_unicode_ci DEFAULT NULL,
  `author_id` bigint unsigned NOT NULL,
  `category_id` bigint unsigned DEFAULT NULL,
  `status` enum('draft','published') COLLATE utf8mb4_unicode_ci NOT NULL DEFAULT 'draft',
  `created_at` timestamp NULL DEFAULT NULL,
  `updated_at` timestamp NULL DEFAULT NULL,
  PRIMARY KEY (`id`),
  UNIQUE KEY `posts_slug_unique` (`slug`),
  KEY `posts_author_id_foreign` (`author_id`),
  KEY `posts_category_id_foreign` (`category_id`),
  CONSTRAINT `posts_author_id_foreign` FOREIGN KEY (`author_id`) REFERENCES `users` (`id`) ON DELETE CASCADE,
  CONSTRAINT `posts_category_id_foreign` FOREIGN KEY (`category_id`) REFERENCES `categories` (`id`) ON DELETE SET NULL
) ENGINE=InnoDB AUTO_INCREMENT=56 DEFAULT CHARSET=utf8mb4 COLLATE=utf8mb4_unicode_ci;

-- Dumping data for table websourcecode.posts: ~50 rows (approximately)
INSERT INTO `posts` (`id`, `title`, `slug`, `description`, `content`, `url_download`, `author_id`, `category_id`, `status`, `created_at`, `updated_at`) VALUES
	(1, 'Contoh Judul Post ke-1', 'contoh-judul-post-ke-1', 'Ini adalah deskripsi dari Contoh Judul Post ke-1', '<p>Konten lengkap dari Contoh Judul Post ke-1. Disini bisa panjang...</p>', 'https://example.com/downloads/post-1.zip', 9, 4, 'published', '2025-06-30 00:36:00', '2025-06-30 00:36:00'),
	(2, 'Contoh Judul Post ke-2', 'contoh-judul-post-ke-2', 'Ini adalah deskripsi dari Contoh Judul Post ke-2', '<p>Konten lengkap dari Contoh Judul Post ke-2. Disini bisa panjang...</p>', 'https://example.com/downloads/post-2.zip', 8, 2, 'draft', '2025-06-30 00:36:00', '2025-06-30 00:36:00'),
	(3, 'Contoh Judul Post ke-3', 'contoh-judul-post-ke-3', 'Ini adalah deskripsi dari Contoh Judul Post ke-3', '<p>Konten lengkap dari Contoh Judul Post ke-3. Disini bisa panjang...</p>', 'https://example.com/downloads/post-3.zip', 1, 2, 'published', '2025-06-30 00:36:01', '2025-06-30 00:36:01'),
	(4, 'Contoh Judul Post ke-4', 'contoh-judul-post-ke-4', 'Ini adalah deskripsi dari Contoh Judul Post ke-4', '<p>Konten lengkap dari Contoh Judul Post ke-4. Disini bisa panjang...</p>', 'https://example.com/downloads/post-4.zip', 8, 3, 'published', '2025-06-30 00:36:01', '2025-06-30 00:36:01'),
	(5, 'Contoh Judul Post ke-5', 'contoh-judul-post-ke-5', 'Ini adalah deskripsi dari Contoh Judul Post ke-5', '<p>Konten lengkap dari Contoh Judul Post ke-5. Disini bisa panjang...</p>', 'https://example.com/downloads/post-5.zip', 3, 1, 'draft', '2025-06-30 00:36:01', '2025-06-30 00:36:01'),
	(6, 'Contoh Judul Post ke-6', 'contoh-judul-post-ke-6', 'Ini adalah deskripsi dari Contoh Judul Post ke-6', '<p>Konten lengkap dari Contoh Judul Post ke-6. Disini bisa panjang...</p>', 'https://example.com/downloads/post-6.zip', 11, 5, 'published', '2025-06-30 00:36:01', '2025-06-30 00:36:01'),
	(7, 'Contoh Judul Post ke-7', 'contoh-judul-post-ke-7', 'Ini adalah deskripsi dari Contoh Judul Post ke-7', '<p>Konten lengkap dari Contoh Judul Post ke-7. Disini bisa panjang...</p>', 'https://example.com/downloads/post-7.zip', 3, 1, 'draft', '2025-06-30 00:36:01', '2025-06-30 00:36:01'),
	(8, 'Contoh Judul Post ke-8', 'contoh-judul-post-ke-8', 'Ini adalah deskripsi dari Contoh Judul Post ke-8', '<p>Konten lengkap dari Contoh Judul Post ke-8. Disini bisa panjang...</p>', 'https://example.com/downloads/post-8.zip', 1, 3, 'draft', '2025-06-30 00:36:01', '2025-06-30 00:36:01'),
	(9, 'Contoh Judul Post ke-9', 'contoh-judul-post-ke-9', 'Ini adalah deskripsi dari Contoh Judul Post ke-9', '<p>Konten lengkap dari Contoh Judul Post ke-9. Disini bisa panjang...</p>', 'https://example.com/downloads/post-9.zip', 1, 2, 'draft', '2025-06-30 00:36:01', '2025-06-30 00:36:01'),
	(10, 'Contoh Judul Post ke-10', 'contoh-judul-post-ke-10', 'Ini adalah deskripsi dari Contoh Judul Post ke-10', '<p>Konten lengkap dari Contoh Judul Post ke-10. Disini bisa panjang...</p>', 'https://example.com/downloads/post-10.zip', 9, 4, 'draft', '2025-06-30 00:36:01', '2025-06-30 00:36:01'),
	(11, 'Contoh Judul Post ke-11', 'contoh-judul-post-ke-11', 'Ini adalah deskripsi dari Contoh Judul Post ke-11', '<p>Konten lengkap dari Contoh Judul Post ke-11. Disini bisa panjang...</p>', 'https://example.com/downloads/post-11.zip', 8, 1, 'draft', '2025-06-30 00:36:01', '2025-06-30 00:36:01'),
	(12, 'Contoh Judul Post ke-12', 'contoh-judul-post-ke-12', 'Ini adalah deskripsi dari Contoh Judul Post ke-12', '<p>Konten lengkap dari Contoh Judul Post ke-12. Disini bisa panjang...</p>', 'https://example.com/downloads/post-12.zip', 9, 4, 'draft', '2025-06-30 00:36:01', '2025-06-30 00:36:01'),
	(13, 'Contoh Judul Post ke-13', 'contoh-judul-post-ke-13', 'Ini adalah deskripsi dari Contoh Judul Post ke-13', '<p>Konten lengkap dari Contoh Judul Post ke-13. Disini bisa panjang...</p>', 'https://example.com/downloads/post-13.zip', 5, 1, 'draft', '2025-06-30 00:36:01', '2025-06-30 00:36:01'),
	(14, 'Contoh Judul Post ke-14', 'contoh-judul-post-ke-14', 'Ini adalah deskripsi dari Contoh Judul Post ke-14', '<p>Konten lengkap dari Contoh Judul Post ke-14. Disini bisa panjang...</p>', 'https://example.com/downloads/post-14.zip', 1, 3, 'published', '2025-06-30 00:36:01', '2025-06-30 00:36:01'),
	(15, 'Contoh Judul Post ke-15', 'contoh-judul-post-ke-15', 'Ini adalah deskripsi dari Contoh Judul Post ke-15', '<p>Konten lengkap dari Contoh Judul Post ke-15. Disini bisa panjang...</p>', 'https://example.com/downloads/post-15.zip', 10, 3, 'draft', '2025-06-30 00:36:01', '2025-06-30 00:36:01'),
	(16, 'Contoh Judul Post ke-16', 'contoh-judul-post-ke-16', 'Ini adalah deskripsi dari Contoh Judul Post ke-16', '<p>Konten lengkap dari Contoh Judul Post ke-16. Disini bisa panjang...</p>', 'https://example.com/downloads/post-16.zip', 5, 5, 'draft', '2025-06-30 00:36:01', '2025-06-30 00:36:01'),
	(17, 'Contoh Judul Post ke-17', 'contoh-judul-post-ke-17', 'Ini adalah deskripsi dari Contoh Judul Post ke-17', '<p>Konten lengkap dari Contoh Judul Post ke-17. Disini bisa panjang...</p>', 'https://example.com/downloads/post-17.zip', 2, 1, 'published', '2025-06-30 00:36:01', '2025-06-30 00:36:01'),
	(18, 'Contoh Judul Post ke-18', 'contoh-judul-post-ke-18', 'Ini adalah deskripsi dari Contoh Judul Post ke-18', '<p>Konten lengkap dari Contoh Judul Post ke-18. Disini bisa panjang...</p>', 'https://example.com/downloads/post-18.zip', 5, 4, 'draft', '2025-06-30 00:36:01', '2025-06-30 00:36:01'),
	(19, 'Contoh Judul Post ke-19', 'contoh-judul-post-ke-19', 'Ini adalah deskripsi dari Contoh Judul Post ke-19', '<p>Konten lengkap dari Contoh Judul Post ke-19. Disini bisa panjang...</p>', 'https://example.com/downloads/post-19.zip', 1, 5, 'draft', '2025-06-30 00:36:01', '2025-06-30 00:36:01'),
	(20, 'Contoh Judul Post ke-20', 'contoh-judul-post-ke-20', 'Ini adalah deskripsi dari Contoh Judul Post ke-20', '<p>Konten lengkap dari Contoh Judul Post ke-20. Disini bisa panjang...</p>', 'https://example.com/downloads/post-20.zip', 1, 5, 'draft', '2025-06-30 00:36:01', '2025-06-30 00:36:01'),
	(21, 'Contoh Judul Post ke-21', 'contoh-judul-post-ke-21', 'Ini adalah deskripsi dari Contoh Judul Post ke-21', '<p>Konten lengkap dari Contoh Judul Post ke-21. Disini bisa panjang...</p>', 'https://example.com/downloads/post-21.zip', 10, 2, 'draft', '2025-06-30 00:36:01', '2025-06-30 00:36:01'),
	(22, 'Contoh Judul Post ke-22', 'contoh-judul-post-ke-22', 'Ini adalah deskripsi dari Contoh Judul Post ke-22', '<p>Konten lengkap dari Contoh Judul Post ke-22. Disini bisa panjang...</p>', 'https://example.com/downloads/post-22.zip', 11, 4, 'published', '2025-06-30 00:36:01', '2025-06-30 00:36:01'),
	(23, 'Contoh Judul Post ke-23', 'contoh-judul-post-ke-23', 'Ini adalah deskripsi dari Contoh Judul Post ke-23', '<p>Konten lengkap dari Contoh Judul Post ke-23. Disini bisa panjang...</p>', 'https://example.com/downloads/post-23.zip', 7, 5, 'published', '2025-06-30 00:36:02', '2025-06-30 00:36:02'),
	(24, 'Contoh Judul Post ke-24', 'contoh-judul-post-ke-24', 'Ini adalah deskripsi dari Contoh Judul Post ke-24', '<p>Konten lengkap dari Contoh Judul Post ke-24. Disini bisa panjang...</p>', 'https://example.com/downloads/post-24.zip', 10, 2, 'draft', '2025-06-30 00:36:02', '2025-06-30 00:36:02'),
	(25, 'Contoh Judul Post ke-25', 'contoh-judul-post-ke-25', 'Ini adalah deskripsi dari Contoh Judul Post ke-25', '<p>Konten lengkap dari Contoh Judul Post ke-25. Disini bisa panjang...</p>', 'https://example.com/downloads/post-25.zip', 3, 4, 'draft', '2025-06-30 00:36:02', '2025-06-30 00:36:02'),
	(26, 'Contoh Judul Post ke-26', 'contoh-judul-post-ke-26', 'Ini adalah deskripsi dari Contoh Judul Post ke-26', '<p>Konten lengkap dari Contoh Judul Post ke-26. Disini bisa panjang...</p>', 'https://example.com/downloads/post-26.zip', 8, 2, 'draft', '2025-06-30 00:36:02', '2025-06-30 00:36:02'),
	(27, 'Contoh Judul Post ke-27', 'contoh-judul-post-ke-27', 'Ini adalah deskripsi dari Contoh Judul Post ke-27', '<p>Konten lengkap dari Contoh Judul Post ke-27. Disini bisa panjang...</p>', 'https://example.com/downloads/post-27.zip', 11, 2, 'published', '2025-06-30 00:36:02', '2025-06-30 00:36:02'),
	(28, 'Contoh Judul Post ke-28', 'contoh-judul-post-ke-28', 'Ini adalah deskripsi dari Contoh Judul Post ke-28', '<p>Konten lengkap dari Contoh Judul Post ke-28. Disini bisa panjang...</p>', 'https://example.com/downloads/post-28.zip', 11, 3, 'draft', '2025-06-30 00:36:02', '2025-06-30 00:36:02'),
	(29, 'Contoh Judul Post ke-29', 'contoh-judul-post-ke-29', 'Ini adalah deskripsi dari Contoh Judul Post ke-29', '<p>Konten lengkap dari Contoh Judul Post ke-29. Disini bisa panjang...</p>', 'https://example.com/downloads/post-29.zip', 11, 2, 'draft', '2025-06-30 00:36:02', '2025-06-30 00:36:02'),
	(30, 'Contoh Judul Post ke-30', 'contoh-judul-post-ke-30', 'Ini adalah deskripsi dari Contoh Judul Post ke-30', '<p>Konten lengkap dari Contoh Judul Post ke-30. Disini bisa panjang...</p>', 'https://example.com/downloads/post-30.zip', 6, 4, 'published', '2025-06-30 00:36:02', '2025-06-30 00:36:02'),
	(31, 'Contoh Judul Post ke-31', 'contoh-judul-post-ke-31', 'Ini adalah deskripsi dari Contoh Judul Post ke-31', '<p>Konten lengkap dari Contoh Judul Post ke-31. Disini bisa panjang...</p>', 'https://example.com/downloads/post-31.zip', 10, 2, 'published', '2025-06-30 00:36:02', '2025-06-30 00:36:02'),
	(32, 'Contoh Judul Post ke-32', 'contoh-judul-post-ke-32', 'Ini adalah deskripsi dari Contoh Judul Post ke-32', '<p>Konten lengkap dari Contoh Judul Post ke-32. Disini bisa panjang...</p>', 'https://example.com/downloads/post-32.zip', 3, 2, 'published', '2025-06-30 00:36:02', '2025-06-30 00:36:02'),
	(33, 'Contoh Judul Post ke-33', 'contoh-judul-post-ke-33', 'Ini adalah deskripsi dari Contoh Judul Post ke-33', '<p>Konten lengkap dari Contoh Judul Post ke-33. Disini bisa panjang...</p>', 'https://example.com/downloads/post-33.zip', 4, 4, 'published', '2025-06-30 00:36:02', '2025-06-30 00:36:02'),
	(34, 'Contoh Judul Post ke-34', 'contoh-judul-post-ke-34', 'Ini adalah deskripsi dari Contoh Judul Post ke-34', '<p>Konten lengkap dari Contoh Judul Post ke-34. Disini bisa panjang...</p>', 'https://example.com/downloads/post-34.zip', 6, 3, 'published', '2025-06-30 00:36:02', '2025-06-30 00:36:02'),
	(35, 'Contoh Judul Post ke-35', 'contoh-judul-post-ke-35', 'Ini adalah deskripsi dari Contoh Judul Post ke-35', '<p>Konten lengkap dari Contoh Judul Post ke-35. Disini bisa panjang...</p>', 'https://example.com/downloads/post-35.zip', 3, 3, 'published', '2025-06-30 00:36:02', '2025-06-30 00:36:02'),
	(36, 'Contoh Judul Post ke-36', 'contoh-judul-post-ke-36', 'Ini adalah deskripsi dari Contoh Judul Post ke-36', '<p>Konten lengkap dari Contoh Judul Post ke-36. Disini bisa panjang...</p>', 'https://example.com/downloads/post-36.zip', 10, 4, 'draft', '2025-06-30 00:36:02', '2025-06-30 00:36:02'),
	(37, 'Contoh Judul Post ke-37', 'contoh-judul-post-ke-37', 'Ini adalah deskripsi dari Contoh Judul Post ke-37', '<p>Konten lengkap dari Contoh Judul Post ke-37. Disini bisa panjang...</p>', 'https://example.com/downloads/post-37.zip', 4, 2, 'draft', '2025-06-30 00:36:02', '2025-06-30 00:36:02'),
	(38, 'Contoh Judul Post ke-38', 'contoh-judul-post-ke-38', 'Ini adalah deskripsi dari Contoh Judul Post ke-38', '<p>Konten lengkap dari Contoh Judul Post ke-38. Disini bisa panjang...</p>', 'https://example.com/downloads/post-38.zip', 4, 5, 'published', '2025-06-30 00:36:02', '2025-06-30 00:36:02'),
	(39, 'Contoh Judul Post ke-39', 'contoh-judul-post-ke-39', 'Ini adalah deskripsi dari Contoh Judul Post ke-39', '<p>Konten lengkap dari Contoh Judul Post ke-39. Disini bisa panjang...</p>', 'https://example.com/downloads/post-39.zip', 10, 1, 'published', '2025-06-30 00:36:02', '2025-07-02 23:41:37'),
	(40, 'Contoh Judul Post ke-40', 'contoh-judul-post-ke-40', 'Ini adalah deskripsi dari Contoh Judul Post ke-40', '<p>Konten lengkap dari Contoh Judul Post ke-40. Disini bisa panjang...</p>', 'https://example.com/downloads/post-40.zip', 10, 2, 'published', '2025-06-30 00:36:02', '2025-06-30 00:36:02'),
	(41, 'Contoh Judul Post ke-41', 'contoh-judul-post-ke-41', 'Ini adalah deskripsi dari Contoh Judul Post ke-41', '<p>Konten lengkap dari Contoh Judul Post ke-41. Disini bisa panjang...</p>', 'https://example.com/downloads/post-41.zip', 1, 5, 'published', '2025-06-30 00:36:02', '2025-06-30 00:36:02'),
	(42, 'Contoh Judul Post ke-42', 'contoh-judul-post-ke-42', 'Ini adalah deskripsi dari Contoh Judul Post ke-42', '<p>Konten lengkap dari Contoh Judul Post ke-42. Disini bisa panjang...</p>', 'https://example.com/downloads/post-42.zip', 7, 3, 'draft', '2025-06-30 00:36:02', '2025-06-30 00:36:02'),
	(43, 'Contoh Judul Post ke-43', 'contoh-judul-post-ke-43', 'Ini adalah deskripsi dari Contoh Judul Post ke-43', '<p>Konten lengkap dari Contoh Judul Post ke-43. Disini bisa panjang...</p>', 'https://example.com/downloads/post-43.zip', 8, 1, 'published', '2025-06-30 00:36:02', '2025-06-30 00:36:02'),
	(44, 'Contoh Judul Post ke-44', 'contoh-judul-post-ke-44', 'Ini adalah deskripsi dari Contoh Judul Post ke-44', '<p>Konten lengkap dari Contoh Judul Post ke-44. Disini bisa panjang...</p>', 'https://example.com/downloads/post-44.zip', 11, 4, 'published', '2025-06-30 00:36:03', '2025-06-30 00:36:03'),
	(45, 'Contoh Judul Post ke-45', 'contoh-judul-post-ke-45', 'Ini adalah deskripsi dari Contoh Judul Post ke-45', '<p>Konten lengkap dari Contoh Judul Post ke-45. Disini bisa panjang...</p>', 'https://example.com/downloads/post-45.zip', 1, 4, 'draft', '2025-06-30 00:36:03', '2025-06-30 00:36:03'),
	(46, 'Contoh Judul Post ke-46', 'contoh-judul-post-ke-46', 'Ini adalah deskripsi dari Contoh Judul Post ke-46', '<p>Konten lengkap dari Contoh Judul Post ke-46. Disini bisa panjang...</p>', 'https://example.com/downloads/post-46.zip', 8, 5, 'draft', '2025-06-30 00:36:03', '2025-06-30 00:36:03'),
	(47, 'Contoh Judul Post ke-47', 'contoh-judul-post-ke-47', 'Ini adalah deskripsi dari Contoh Judul Post ke-47', '<p>Konten lengkap dari Contoh Judul Post ke-47. Disini bisa panjang...</p>', 'https://example.com/downloads/post-47.zip', 5, 4, 'draft', '2025-06-30 00:36:03', '2025-06-30 00:36:03'),
	(48, 'Contoh Judul Post ke-48', 'contoh-judul-post-ke-48', 'Ini adalah deskripsi dari Contoh Judul Post ke-48', '<p>Konten lengkap dari Contoh Judul Post ke-48. Disini bisa panjang...</p>', 'https://example.com/downloads/post-48.zip', 7, 1, 'published', '2025-06-30 00:36:03', '2025-06-30 00:36:03'),
	(49, 'Contoh Judul Post ke-49', 'contoh-judul-post-ke-49', 'Ini adalah deskripsi dari Contoh Judul Post ke-49', '<p>Konten lengkap dari Contoh Judul Post ke-49. Disini bisa panjang...</p>', 'https://example.com/downloads/post-49.zip', 8, 3, 'published', '2025-06-30 00:36:03', '2025-06-30 00:36:03'),
	(50, 'Contoh Judul Post ke-50', 'contoh-judul-post-ke-50', 'Ini adalah deskripsi dari Contoh Judul Post ke-50', '<p>Konten lengkap dari Contoh Judul Post ke-50. Disini bisa panjang...</p>', 'https://example.com/downloads/post-50.zip', 1, 3, 'published', '2025-06-30 00:36:03', '2025-06-30 00:36:03'),
	(51, 'test judul 12', 'test-judul-12', 'deskripsi  12', 'konten 12', 'https://next-goubeet.vercel.app/', 2, 1, 'published', '2025-06-30 00:43:49', '2025-06-30 00:44:20'),
	(52, 'APLIKASI SISTEM MANAJEMEN LAUNDRY  BERBASIS WEB dan JUGA MOBILE HEHE', 'aplikasi-sistem-manajemen-laundry-berbasis-web-dan-juga-mobile-hehe', 'Sistem manajemen laundry ini dirancang untuk membantu pemilik usaha laundry dalam mengelola transaksi, pelanggan, status cucian, laporan, dan pengelolaan operasional harian secara efisien melalui aplikasi berbasis web.', ' Fitur Utama:\r\n Manajemen Pelanggan\r\n\r\n Input Transaksi Laundry\r\n\r\n Pelacakan Status Cucian (Masuk, Diproses, Selesai, Diambil)\r\n\r\n Laporan Harian/Bulanan\r\n\r\n Multi Pengguna (Admin & Kasir)\r\n\r\n Login Sistem\r\n\r\n Teknologi yang Digunakan\r\nBackend: Laravel 11\r\n\r\nFrontend: Bootstrap 5\r\n\r\nDatabase: MySQL\r\n\r\nLibrary Tambahan: DataTables, SweetAlert2\r\n\r\n Login Demo\r\nGunakan akun berikut untuk mencoba aplikasi:\r\n\r\nUsername: admin@laundry.com\r\n\r\nPassword: password123\r\n\r\n Tampilan Aplikasi\r\n(Tambahkan beberapa screenshot di sini, seperti dashboard, form transaksi, daftar pelanggan, dll)\r\n\r\nContoh:\r\n\r\nhtml\r\nCopy\r\nEdit\r\n<img src="https://via.placeholder.com/800x400?text=Dashboard+Laundry" alt="Dashboard Laundry" class="img-fluid mb-3">\r\n Source Code\r\nSource code tersedia gratis dan bisa langsung dicoba!\r\n\r\n Download di GitHub:\r\n https://github.com/username/laundry-web\r\n\r\n Cara Install & Menjalankan\r\nClone repo atau download zip dari GitHub.\r\n\r\nBuka terminal dan jalankan:\r\n\r\nbash\r\nCopy\r\nEdit\r\ncomposer install\r\ncp .env.example .env\r\nphp artisan key:generate\r\nSesuaikan koneksi database di file .env\r\n\r\nMigrasi dan seeding database:\r\n\r\nbash\r\nCopy\r\nEdit\r\nphp artisan migrate --seed\r\nJalankan aplikasi:\r\n\r\nbash\r\nCopy\r\nEdit\r\nphp artisan serve\r\n Panduan Penggunaan\r\n(Opsional: tambahkan link atau PDF panduan penggunaan atau video tutorial)\r\n\r\n Catatan\r\nJika kamu mengalami kendala saat install, pastikan PHP >= 8.1 dan ekstensi database aktif.\r\n\r\nPassword default bisa diganti setelah login.\r\n\r\nKalau kamu sudah upload ke GitHub atau punya link panduan, tinggal ganti bagian yang perlu. Kalau mau saya bantu buatkan filenya langsung (README.md, tampilan post-nya, atau PDF panduan), tinggal bilang aja!\r\n\r\nMau saya bantu lanjutkan ke file Markdown atau Laravel Blade view-nya?', 'https://next-goubeet.vercel.app/', 2, 1, 'published', '2025-07-01 21:36:33', '2025-07-02 00:44:07'),
	(53, 'Aplikasi Manajemen rumah sakit Berbasis WEB dengan laravel 12', 'aplikasi-manajemen-rumah-sakit-berbasis-web-dengan-laravel-12', 'Aplikasi Manajemen Rumah Sakit berbasis web ini dibangun menggunakan framework Laravel 12 yang modern dan powerful.', 'Aplikasi ini dirancang untuk mempermudah proses administrasi rumah sakit, mulai dari manajemen pasien, jadwal dokter, rawat inap, hingga laporan keuangan rumah sakit secara real-time dan terintegrasi. Dengan tampilan yang user-friendly dan keamanan yang terjamin, aplikasi ini membantu rumah sakit meningkatkan kualitas layanan dan efisiensi operasional. Konten Utama:\r\n1. Latar Belakang\r\nRumah sakit merupakan institusi vital yang membutuhkan pengelolaan data secara cepat, tepat, dan akurat. Permasalahan yang sering muncul adalah administrasi yang masih manual, pencatatan yang berantakan, dan sulitnya integrasi antar bagian rumah sakit. Dengan perkembangan teknologi, dibutuhkan sistem informasi yang terintegrasi dan dapat diakses kapan saja dan di mana saja.\r\n\r\n2. Tujuan Aplikasi\r\nMeningkatkan efisiensi pengelolaan data pasien dan staf medis.\r\n\r\nMempercepat proses pelayanan rumah sakit.\r\n\r\nMemberikan laporan operasional secara otomatis dan akurat.\r\n\r\nMenyediakan platform yang aman dan mudah digunakan.\r\n\r\n3. Teknologi yang Digunakan\r\nFramework: Laravel 12\r\n\r\nBahasa Pemrograman: PHP 8.x\r\n\r\nDatabase: MySQL / MariaDB\r\n\r\nFrontend: Blade, Bootstrap 5, Vue.js (opsional)\r\n\r\nFitur Keamanan: Middleware, CSRF Protection, Role & Permission System\r\n\r\nDeployment: Bisa dihosting di server lokal atau cloud (seperti DigitalOcean, AWS, atau VPS lokal).\r\n\r\n4. Fitur Utama Aplikasi\r\nManajemen Pasien: Registrasi, data rekam medis, riwayat rawat inap, dan riwayat konsultasi.\r\n\r\nManajemen Dokter: Jadwal praktek, spesialisasi, data pribadi, dan manajemen shift.\r\n\r\nRawat Inap & Rawat Jalan: Booking kamar, status rawat inap, dan pemantauan pasien.\r\n\r\nManajemen Obat & Apotek: Stok obat, pengeluaran obat ke pasien, dan pembelian obat.\r\n\r\nBilling & Keuangan: Pencatatan pembayaran pasien, tagihan rumah sakit, dan laporan keuangan.\r\n\r\nLaporan Otomatis: Laporan harian, bulanan, dan tahunan untuk manajemen.\r\n\r\nManajemen User & Role: Hak akses berdasarkan peran (admin, dokter, apoteker, kasir, dll).\r\n\r\nAntrian & Booking Online: Memudahkan pasien booking layanan secara online.\r\n\r\nNotifikasi & Email: Pengingat janji temu dan pemberitahuan penting.\r\n\r\n5. Keunggulan Aplikasi\r\nBerbasis Web: Dapat diakses dari berbagai perangkat (PC, tablet, smartphone).\r\n\r\nModular: Mudah dikembangkan sesuai kebutuhan rumah sakit.\r\n\r\nAman & Terpercaya: Menggunakan autentikasi dan otorisasi yang kuat.\r\n\r\nResponsive Design: Tampilan yang nyaman baik di desktop maupun mobile.\r\n\r\nOpen for Integration: Dapat diintegrasikan dengan sistem lain seperti BPJS, laboratorium, dll.\r\n\r\n6. Kesimpulan\r\nAplikasi manajemen rumah sakit berbasis Laravel 12 ini menjadi solusi modern yang membantu rumah sakit dalam meningkatkan pelayanan, efisiensi kerja, dan transparansi data. Penggunaan framework Laravel 12 memastikan aplikasi ini up-to-date, aman, dan mudah dikembangkan lebih lanjut sesuai kebutuhan masa depan.', 'https://next-goubeet.vercel.app/', 2, 1, 'published', '2025-07-02 23:32:49', '2025-07-02 23:32:49'),
	(54, 'CMS Company Profile Perusahaan Berbasis Web dengan Laravel 12 dan Breeze', 'cms-company-profile-perusahaan-berbasis-web-dengan-laravel-12-dan-breeze', 'Aplikasi CMS Company Profile berbasis web ini dikembangkan menggunakan Laravel 12 dan starter kit Breeze untuk kebutuhan otentikasi yang ringan dan fleksibel. Aplikasi ini dirancang untuk mempermudah perusahaan dalam mengelola konten website profil perusahaan secara mandiri, tanpa harus memahami kode pemrograman. Dengan tampilan modern, ringan, dan responsif, CMS ini cocok digunakan oleh perusahaan kecil hingga menengah yang ingin membangun citra digital yang profesional.', '1. Latar Belakang\r\nDi era digital saat ini, kehadiran website sebagai media informasi resmi perusahaan sangat penting. Namun, banyak perusahaan kesulitan memperbarui konten website karena keterbatasan teknis. Dengan CMS (Content Management System), perusahaan dapat memperbarui konten website seperti profil, layanan, portofolio, dan kontak secara mandiri, cepat, dan mudah.\r\n\r\n2. Tujuan Aplikasi\r\nMempermudah manajemen konten website profil perusahaan.\r\n\r\nMenyediakan antarmuka admin yang sederhana dan mudah digunakan.\r\n\r\nMeningkatkan profesionalitas dan visibilitas perusahaan secara online.\r\n\r\nMengadopsi framework modern untuk keamanan dan skalabilitas.\r\n\r\n3. Teknologi yang Digunakan\r\nFramework: Laravel 12\r\n\r\nStarter Kit: Laravel Breeze (authentikasi login/logout/register)\r\n\r\nBahasa Pemrograman: PHP 8.x\r\n\r\nFrontend: Blade, TailwindCSS, Alpine.js (bawaan Breeze)\r\n\r\nDatabase: MySQL / MariaDB\r\n\r\nDeployment: Cocok untuk shared hosting, VPS, atau cloud platform.\r\n\r\n4. Fitur Utama CMS\r\nManajemen Halaman: Tambah/edit halaman seperti About Us, Vision & Mission, History.\r\n\r\nManajemen Layanan: Tambahkan daftar layanan/jasa perusahaan.\r\n\r\nManajemen Portofolio: Showcase proyek-proyek perusahaan.\r\n\r\nManajemen Berita/Artikel: Posting berita atau artikel terkait perusahaan.\r\n\r\nManajemen Slider/Homepage Banner: Update gambar slider di halaman depan.\r\n\r\nManajemen Tim: Profil singkat tim atau manajemen perusahaan.\r\n\r\nManajemen Kontak: Edit alamat, email, nomor telepon, dan link media sosial.\r\n\r\nAutentikasi & Hak Akses: Login, register, reset password (Laravel Breeze).\r\n\r\nDashboard Admin: Statistik ringkas & akses cepat ke fitur utama.\r\n\r\nResponsif: Tampilan yang optimal di desktop, tablet, dan smartphone.\r\n\r\nSEO Friendly: Struktur URL & metadata yang mendukung optimasi SEO.\r\n\r\n5. Keunggulan Aplikasi\r\nLaravel 12 + Breeze: Framework modern dengan keamanan dan kestabilan tinggi.\r\n\r\nUser Friendly: Admin panel yang simpel, cocok untuk user non-teknis.\r\n\r\nModular & Expandable: Mudah dikembangkan untuk fitur lain seperti produk, galeri, testimonial.\r\n\r\nPerforma Ringan: Breeze lebih ringan dibanding Jetstream atau Filament.\r\n\r\nCepat Implementasi: Cocok untuk proyek yang butuh go-live cepat.\r\n\r\n6. Potensi Pengembangan Selanjutnya\r\nTambahkan multi-language (Bahasa Indonesia & Inggris).\r\n\r\nIntegrasi dengan WhatsApp Chat dan Google Maps.\r\n\r\nFitur blog atau berita perusahaan.\r\n\r\nRole management (superadmin, editor).\r\n\r\nGaleri foto & video.\r\n\r\nFitur API publik jika ingin dikembangkan ke mobile apps.\r\n\r\n7. Kesimpulan\r\nCMS Company Profile berbasis Laravel 12 dan Breeze ini menawarkan solusi sederhana namun powerfull untuk kebutuhan website perusahaan. Dengan performa ringan, keamanan modern, dan kemudahan pengelolaan konten, CMS ini sangat ideal untuk perusahaan yang ingin tampil profesional di dunia digital tanpa ketergantungan pada pihak ketiga.', 'https://next-goubeet.vercel.app/', 2, 1, 'published', '2025-07-02 23:35:41', '2025-07-02 23:35:41'),
	(55, 'tes buat software', 'tes-buat-software', 'jdndjendens', 'ini buat sw', 'https://next-goubeet.vercel.app/', 2, 6, 'published', '2025-07-03 21:27:44', '2025-07-03 21:27:44');

-- Dumping structure for table websourcecode.post_tag
DROP TABLE IF EXISTS `post_tag`;
CREATE TABLE IF NOT EXISTS `post_tag` (
  `post_id` bigint unsigned NOT NULL,
  `tag_id` bigint unsigned NOT NULL,
  PRIMARY KEY (`post_id`,`tag_id`),
  KEY `post_tag_tag_id_foreign` (`tag_id`),
  CONSTRAINT `post_tag_post_id_foreign` FOREIGN KEY (`post_id`) REFERENCES `posts` (`id`) ON DELETE CASCADE,
  CONSTRAINT `post_tag_tag_id_foreign` FOREIGN KEY (`tag_id`) REFERENCES `tags` (`id`) ON DELETE CASCADE
) ENGINE=InnoDB DEFAULT CHARSET=utf8mb4 COLLATE=utf8mb4_unicode_ci;

-- Dumping data for table websourcecode.post_tag: ~152 rows (approximately)
INSERT INTO `post_tag` (`post_id`, `tag_id`) VALUES
	(2, 1),
	(9, 1),
	(11, 1),
	(18, 1),
	(21, 1),
	(26, 1),
	(27, 1),
	(30, 1),
	(31, 1),
	(35, 1),
	(40, 1),
	(47, 1),
	(54, 1),
	(1, 2),
	(3, 2),
	(4, 2),
	(7, 2),
	(8, 2),
	(13, 2),
	(14, 2),
	(16, 2),
	(17, 2),
	(18, 2),
	(24, 2),
	(26, 2),
	(28, 2),
	(29, 2),
	(31, 2),
	(32, 2),
	(37, 2),
	(42, 2),
	(45, 2),
	(46, 2),
	(48, 2),
	(52, 2),
	(54, 2),
	(55, 2),
	(1, 3),
	(2, 3),
	(6, 3),
	(8, 3),
	(10, 3),
	(11, 3),
	(13, 3),
	(17, 3),
	(26, 3),
	(30, 3),
	(33, 3),
	(34, 3),
	(39, 3),
	(40, 3),
	(45, 3),
	(46, 3),
	(1, 4),
	(4, 4),
	(10, 4),
	(20, 4),
	(26, 4),
	(29, 4),
	(32, 4),
	(34, 4),
	(35, 4),
	(41, 4),
	(50, 4),
	(3, 5),
	(7, 5),
	(9, 5),
	(12, 5),
	(13, 5),
	(15, 5),
	(17, 5),
	(23, 5),
	(35, 5),
	(36, 5),
	(37, 5),
	(40, 5),
	(53, 5),
	(3, 6),
	(7, 6),
	(9, 6),
	(17, 6),
	(19, 6),
	(20, 6),
	(22, 6),
	(23, 6),
	(31, 6),
	(33, 6),
	(36, 6),
	(37, 6),
	(38, 6),
	(39, 6),
	(42, 6),
	(46, 6),
	(47, 6),
	(53, 6),
	(2, 7),
	(5, 7),
	(6, 7),
	(10, 7),
	(11, 7),
	(12, 7),
	(13, 7),
	(15, 7),
	(18, 7),
	(25, 7),
	(29, 7),
	(40, 7),
	(41, 7),
	(43, 7),
	(44, 7),
	(48, 7),
	(1, 8),
	(3, 8),
	(4, 8),
	(5, 8),
	(14, 8),
	(20, 8),
	(23, 8),
	(25, 8),
	(36, 8),
	(39, 8),
	(43, 8),
	(45, 8),
	(47, 8),
	(48, 8),
	(49, 8),
	(50, 8),
	(51, 8),
	(53, 8),
	(7, 9),
	(15, 9),
	(16, 9),
	(21, 9),
	(22, 9),
	(23, 9),
	(24, 9),
	(28, 9),
	(33, 9),
	(38, 9),
	(39, 9),
	(41, 9),
	(43, 9),
	(44, 9),
	(47, 9),
	(50, 9),
	(51, 9),
	(6, 10),
	(10, 10),
	(18, 10),
	(19, 10),
	(22, 10),
	(27, 10),
	(28, 10),
	(29, 10),
	(30, 10),
	(32, 10),
	(36, 10),
	(44, 10),
	(48, 10),
	(49, 10),
	(50, 10),
	(51, 10),
	(52, 10);

-- Dumping structure for table websourcecode.post_technology
DROP TABLE IF EXISTS `post_technology`;
CREATE TABLE IF NOT EXISTS `post_technology` (
  `post_id` bigint unsigned NOT NULL,
  `technology_id` bigint unsigned NOT NULL,
  PRIMARY KEY (`post_id`,`technology_id`),
  KEY `post_technology_technology_id_foreign` (`technology_id`),
  CONSTRAINT `post_technology_post_id_foreign` FOREIGN KEY (`post_id`) REFERENCES `posts` (`id`) ON DELETE CASCADE,
  CONSTRAINT `post_technology_technology_id_foreign` FOREIGN KEY (`technology_id`) REFERENCES `technologies` (`id`) ON DELETE CASCADE
) ENGINE=InnoDB DEFAULT CHARSET=utf8mb4 COLLATE=utf8mb4_unicode_ci;

-- Dumping data for table websourcecode.post_technology: ~95 rows (approximately)
INSERT INTO `post_technology` (`post_id`, `technology_id`) VALUES
	(1, 1),
	(3, 1),
	(7, 1),
	(10, 1),
	(12, 1),
	(16, 1),
	(22, 1),
	(26, 1),
	(29, 1),
	(36, 1),
	(39, 1),
	(42, 1),
	(43, 1),
	(44, 1),
	(51, 1),
	(52, 1),
	(53, 1),
	(54, 1),
	(55, 1),
	(6, 2),
	(25, 2),
	(28, 2),
	(30, 2),
	(31, 2),
	(35, 2),
	(38, 2),
	(49, 2),
	(55, 2),
	(1, 3),
	(12, 3),
	(17, 3),
	(18, 3),
	(32, 3),
	(36, 3),
	(39, 3),
	(43, 3),
	(46, 3),
	(48, 3),
	(54, 3),
	(2, 4),
	(11, 4),
	(13, 4),
	(14, 4),
	(17, 4),
	(19, 4),
	(34, 4),
	(37, 4),
	(47, 4),
	(49, 4),
	(50, 4),
	(52, 4),
	(9, 5),
	(15, 5),
	(22, 5),
	(24, 5),
	(32, 5),
	(33, 5),
	(41, 5),
	(43, 5),
	(44, 5),
	(1, 6),
	(5, 6),
	(8, 6),
	(12, 6),
	(15, 6),
	(16, 6),
	(17, 6),
	(18, 6),
	(19, 6),
	(24, 6),
	(28, 6),
	(36, 6),
	(38, 6),
	(39, 6),
	(40, 6),
	(49, 6),
	(51, 6),
	(52, 6),
	(15, 7),
	(18, 7),
	(20, 7),
	(23, 7),
	(26, 7),
	(27, 7),
	(29, 7),
	(30, 7),
	(38, 7),
	(40, 7),
	(47, 7),
	(51, 7),
	(52, 7),
	(4, 8),
	(5, 8),
	(6, 8),
	(9, 8),
	(16, 8),
	(19, 8),
	(21, 8),
	(25, 8),
	(27, 8),
	(28, 8),
	(30, 8),
	(35, 8),
	(37, 8),
	(40, 8),
	(45, 8),
	(48, 8);

-- Dumping structure for table websourcecode.roles
DROP TABLE IF EXISTS `roles`;
CREATE TABLE IF NOT EXISTS `roles` (
  `id` bigint unsigned NOT NULL AUTO_INCREMENT,
  `name` varchar(255) COLLATE utf8mb4_unicode_ci NOT NULL,
  `guard_name` varchar(255) COLLATE utf8mb4_unicode_ci NOT NULL,
  `created_at` timestamp NULL DEFAULT NULL,
  `updated_at` timestamp NULL DEFAULT NULL,
  PRIMARY KEY (`id`),
  UNIQUE KEY `roles_name_guard_name_unique` (`name`,`guard_name`)
) ENGINE=InnoDB AUTO_INCREMENT=3 DEFAULT CHARSET=utf8mb4 COLLATE=utf8mb4_unicode_ci;

-- Dumping data for table websourcecode.roles: ~2 rows (approximately)
INSERT INTO `roles` (`id`, `name`, `guard_name`, `created_at`, `updated_at`) VALUES
	(1, 'admin', 'web', '2025-07-03 00:36:39', '2025-07-03 00:36:39'),
	(2, 'user', 'web', '2025-07-03 00:36:39', '2025-07-03 00:36:39');

-- Dumping structure for table websourcecode.role_has_permissions
DROP TABLE IF EXISTS `role_has_permissions`;
CREATE TABLE IF NOT EXISTS `role_has_permissions` (
  `permission_id` bigint unsigned NOT NULL,
  `role_id` bigint unsigned NOT NULL,
  PRIMARY KEY (`permission_id`,`role_id`),
  KEY `role_has_permissions_role_id_foreign` (`role_id`),
  CONSTRAINT `role_has_permissions_permission_id_foreign` FOREIGN KEY (`permission_id`) REFERENCES `permissions` (`id`) ON DELETE CASCADE,
  CONSTRAINT `role_has_permissions_role_id_foreign` FOREIGN KEY (`role_id`) REFERENCES `roles` (`id`) ON DELETE CASCADE
) ENGINE=InnoDB DEFAULT CHARSET=utf8mb4 COLLATE=utf8mb4_unicode_ci;

-- Dumping data for table websourcecode.role_has_permissions: ~0 rows (approximately)

-- Dumping structure for table websourcecode.sessions
DROP TABLE IF EXISTS `sessions`;
CREATE TABLE IF NOT EXISTS `sessions` (
  `id` varchar(255) COLLATE utf8mb4_unicode_ci NOT NULL,
  `user_id` bigint unsigned DEFAULT NULL,
  `ip_address` varchar(45) COLLATE utf8mb4_unicode_ci DEFAULT NULL,
  `user_agent` text COLLATE utf8mb4_unicode_ci,
  `payload` longtext COLLATE utf8mb4_unicode_ci NOT NULL,
  `last_activity` int NOT NULL,
  PRIMARY KEY (`id`),
  KEY `sessions_user_id_index` (`user_id`),
  KEY `sessions_last_activity_index` (`last_activity`)
) ENGINE=InnoDB DEFAULT CHARSET=utf8mb4 COLLATE=utf8mb4_unicode_ci;

-- Dumping data for table websourcecode.sessions: ~4 rows (approximately)
INSERT INTO `sessions` (`id`, `user_id`, `ip_address`, `user_agent`, `payload`, `last_activity`) VALUES
	('1wc04RBZq72LBNHGp5S8CCbw8wWOsHm8TcUvOuKE', NULL, '127.0.0.1', 'Mozilla/5.0 (Windows NT 10.0; Win64; x64) AppleWebKit/537.36 (KHTML, like Gecko) Chrome/138.0.0.0 Safari/537.36', 'YTozOntzOjY6Il90b2tlbiI7czo0MDoiNHl3Yk9RWDVNRXhkSHMweDQzTWpLM0VpbENOd2ZweXFrREp4dGJuQyI7czo5OiJfcHJldmlvdXMiO2E6MTp7czozOiJ1cmwiO3M6MjE6Imh0dHA6Ly8xMjcuMC4wLjE6ODAwMCI7fXM6NjoiX2ZsYXNoIjthOjI6e3M6Mzoib2xkIjthOjA6e31zOjM6Im5ldyI7YTowOnt9fX0=', 1752634796),
	('bvrxnCapdsTUEPkbBAqcMm4yYHmUGvZpK5En8X6m', NULL, '192.168.1.74', 'Mozilla/5.0 (Windows NT 10.0; Win64; x64) AppleWebKit/537.36 (KHTML, like Gecko) Chrome/138.0.0.0 Safari/537.36', 'YTozOntzOjY6Il90b2tlbiI7czo0MDoiQ0RzRUQxdnkyUjB1SDdEZlp0bVJVT29lRzVpdE9vcExxeWdEa1ZFOCI7czo5OiJfcHJldmlvdXMiO2E6MTp7czozOiJ1cmwiO3M6MjQ6Imh0dHA6Ly8xOTIuMTY4LjEuNzQ6ODA5MCI7fXM6NjoiX2ZsYXNoIjthOjI6e3M6Mzoib2xkIjthOjA6e31zOjM6Im5ldyI7YTowOnt9fX0=', 1751941785),
	('krGwuHRYINgyG79hd9PzSAyHjHWDJCtdkI0Q7ZLS', NULL, '192.168.1.74', 'Mozilla/5.0 (Windows NT 10.0; Win64; x64) AppleWebKit/537.36 (KHTML, like Gecko) Chrome/138.0.0.0 Safari/537.36', 'YTozOntzOjY6Il90b2tlbiI7czo0MDoiZWxMa2xFTWlKSDRPbGNFaE8yT2JUNXFQSXgycURvRWRjdlh4ZXkyUyI7czo5OiJfcHJldmlvdXMiO2E6MTp7czozOiJ1cmwiO3M6MTExOiJodHRwOi8vMTkyLjE2OC4xLjc0OjgwOTAvcG9zdHMvc2hvdy81NC1jbXMtY29tcGFueS1wcm9maWxlLXBlcnVzYWhhYW4tYmVyYmFzaXMtd2ViLWRlbmdhbi1sYXJhdmVsLTEyLWRhbi1icmVlemUiO31zOjY6Il9mbGFzaCI7YToyOntzOjM6Im9sZCI7YTowOnt9czozOiJuZXciO2E6MDp7fX19', 1751878831),
	('lZf4SbxjcfyNqpiQ2Et5F2kUdfLZUUKL6h5sTbRu', NULL, '192.168.1.74', 'Mozilla/5.0 (Windows NT 10.0; Win64; x64) AppleWebKit/537.36 (KHTML, like Gecko) Chrome/138.0.0.0 Safari/537.36', 'YTo0OntzOjY6Il90b2tlbiI7czo0MDoiVnRSV1VmUXpNdk1ra2Zxckc1SDhVc05Ja254dEVBcWQxbFVsUU12QyI7czozOiJ1cmwiO2E6MTp7czo4OiJpbnRlbmRlZCI7czozNjoiaHR0cDovLzE5Mi4xNjguMS43NDo4MDkwL2FkbWluL3VzZXJzIjt9czo5OiJfcHJldmlvdXMiO2E6MTp7czozOiJ1cmwiO3M6MjQ6Imh0dHA6Ly8xOTIuMTY4LjEuNzQ6ODA5MCI7fXM6NjoiX2ZsYXNoIjthOjI6e3M6Mzoib2xkIjthOjA6e31zOjM6Im5ldyI7YTowOnt9fX0=', 1751880057);

-- Dumping structure for table websourcecode.tags
DROP TABLE IF EXISTS `tags`;
CREATE TABLE IF NOT EXISTS `tags` (
  `id` bigint unsigned NOT NULL AUTO_INCREMENT,
  `name` varchar(255) COLLATE utf8mb4_unicode_ci NOT NULL,
  `created_at` timestamp NULL DEFAULT NULL,
  `updated_at` timestamp NULL DEFAULT NULL,
  PRIMARY KEY (`id`),
  UNIQUE KEY `tags_name_unique` (`name`)
) ENGINE=InnoDB AUTO_INCREMENT=11 DEFAULT CHARSET=utf8mb4 COLLATE=utf8mb4_unicode_ci;

-- Dumping data for table websourcecode.tags: ~10 rows (approximately)
INSERT INTO `tags` (`id`, `name`, `created_at`, `updated_at`) VALUES
	(1, 'tokopedia-clone', '2025-06-30 00:36:00', '2025-06-30 00:36:00'),
	(2, 'crud', '2025-06-30 00:36:00', '2025-06-30 00:36:00'),
	(3, 'admin-panel', '2025-06-30 00:36:00', '2025-06-30 00:36:00'),
	(4, 'login-register', '2025-06-30 00:36:00', '2025-06-30 00:36:00'),
	(5, 'API', '2025-06-30 00:36:00', '2025-06-30 00:36:00'),
	(6, 'ajax', '2025-06-30 00:36:00', '2025-06-30 00:36:00'),
	(7, 'ui-kit', '2025-06-30 00:36:00', '2025-06-30 00:36:00'),
	(8, 'ecommerce', '2025-06-30 00:36:00', '2025-06-30 00:36:00'),
	(9, 'blog', '2025-06-30 00:36:00', '2025-06-30 00:36:00'),
	(10, 'dashboard', '2025-06-30 00:36:00', '2025-06-30 00:36:00');

-- Dumping structure for table websourcecode.technologies
DROP TABLE IF EXISTS `technologies`;
CREATE TABLE IF NOT EXISTS `technologies` (
  `id` bigint unsigned NOT NULL AUTO_INCREMENT,
  `name` varchar(255) COLLATE utf8mb4_unicode_ci NOT NULL,
  `created_at` timestamp NULL DEFAULT NULL,
  `updated_at` timestamp NULL DEFAULT NULL,
  PRIMARY KEY (`id`),
  UNIQUE KEY `technologies_name_unique` (`name`)
) ENGINE=InnoDB AUTO_INCREMENT=9 DEFAULT CHARSET=utf8mb4 COLLATE=utf8mb4_unicode_ci;

-- Dumping data for table websourcecode.technologies: ~8 rows (approximately)
INSERT INTO `technologies` (`id`, `name`, `created_at`, `updated_at`) VALUES
	(1, 'Laravel', '2025-06-30 00:36:00', '2025-06-30 00:36:00'),
	(2, 'CodeIgniter', '2025-06-30 00:36:00', '2025-06-30 00:36:00'),
	(3, 'PHP', '2025-06-30 00:36:00', '2025-06-30 00:36:00'),
	(4, 'Vue.js', '2025-06-30 00:36:00', '2025-06-30 00:36:00'),
	(5, 'React', '2025-06-30 00:36:00', '2025-06-30 00:36:00'),
	(6, 'HTML', '2025-06-30 00:36:00', '2025-06-30 00:36:00'),
	(7, 'CSS', '2025-06-30 00:36:00', '2025-06-30 00:36:00'),
	(8, 'JavaScript', '2025-06-30 00:36:00', '2025-06-30 00:36:00');

-- Dumping structure for table websourcecode.users
DROP TABLE IF EXISTS `users`;
CREATE TABLE IF NOT EXISTS `users` (
  `id` bigint unsigned NOT NULL AUTO_INCREMENT,
  `name` varchar(255) COLLATE utf8mb4_unicode_ci NOT NULL,
  `email` varchar(255) COLLATE utf8mb4_unicode_ci NOT NULL,
  `email_verified_at` timestamp NULL DEFAULT NULL,
  `password` varchar(255) COLLATE utf8mb4_unicode_ci NOT NULL,
  `two_factor_secret` text COLLATE utf8mb4_unicode_ci,
  `two_factor_recovery_codes` text COLLATE utf8mb4_unicode_ci,
  `two_factor_confirmed_at` timestamp NULL DEFAULT NULL,
  `remember_token` varchar(100) COLLATE utf8mb4_unicode_ci DEFAULT NULL,
  `current_team_id` bigint unsigned DEFAULT NULL,
  `profile_photo_path` varchar(2048) COLLATE utf8mb4_unicode_ci DEFAULT NULL,
  `created_at` timestamp NULL DEFAULT NULL,
  `updated_at` timestamp NULL DEFAULT NULL,
  PRIMARY KEY (`id`),
  UNIQUE KEY `users_email_unique` (`email`)
) ENGINE=InnoDB AUTO_INCREMENT=18 DEFAULT CHARSET=utf8mb4 COLLATE=utf8mb4_unicode_ci;

-- Dumping data for table websourcecode.users: ~16 rows (approximately)
INSERT INTO `users` (`id`, `name`, `email`, `email_verified_at`, `password`, `two_factor_secret`, `two_factor_recovery_codes`, `two_factor_confirmed_at`, `remember_token`, `current_team_id`, `profile_photo_path`, `created_at`, `updated_at`) VALUES
	(1, 'Test User', 'test@example.com', '2025-06-30 00:36:00', '$2y$12$Ik2Wy8abXRviyjoU/GZ5OuFcLtlASl9UrBtDi9sy6z5q7N0Vsdum2', NULL, NULL, NULL, 'C3QF0BI2BG', NULL, NULL, '2025-06-30 00:36:00', '2025-06-30 00:36:00'),
	(2, 'Reza HS', 'reza@gmail.com', '2025-06-30 00:36:00', '$2y$12$Qm.uoircuCRnz8bEbVBMceJRSIq.etODIZmkyslN24tD64DjSUo.2', NULL, NULL, NULL, 'mabutpYg5IaW3VUd5YuoT3TSPo5TYCpmQOZ0XKv2dlDyXbbTuIKZtK6JxvjN', NULL, NULL, '2025-06-30 00:36:00', '2025-07-06 20:23:27'),
	(3, 'Ms. Daisha Ebert PhD', 'philpert@example.net', '2025-06-30 00:36:00', '$2y$12$Ik2Wy8abXRviyjoU/GZ5OuFcLtlASl9UrBtDi9sy6z5q7N0Vsdum2', NULL, NULL, NULL, 'SSnKQgumlM', NULL, NULL, '2025-06-30 00:36:00', '2025-06-30 00:36:00'),
	(4, 'Annetta Muller', 'annie.batz@example.net', '2025-06-30 00:36:00', '$2y$12$Ik2Wy8abXRviyjoU/GZ5OuFcLtlASl9UrBtDi9sy6z5q7N0Vsdum2', NULL, NULL, NULL, 'X3lUSjwETI', NULL, NULL, '2025-06-30 00:36:00', '2025-06-30 00:36:00'),
	(5, 'Emmie Hudson', 'maggio.daphne@example.net', '2025-06-30 00:36:00', '$2y$12$Ik2Wy8abXRviyjoU/GZ5OuFcLtlASl9UrBtDi9sy6z5q7N0Vsdum2', NULL, NULL, NULL, 'I1rNS3Xrvf', NULL, NULL, '2025-06-30 00:36:00', '2025-06-30 00:36:00'),
	(6, 'Melvina Roberts DVM', 'block.macy@example.net', '2025-06-30 00:36:00', '$2y$12$Ik2Wy8abXRviyjoU/GZ5OuFcLtlASl9UrBtDi9sy6z5q7N0Vsdum2', NULL, NULL, NULL, 'FFfFDcGuBK', NULL, NULL, '2025-06-30 00:36:00', '2025-06-30 00:36:00'),
	(7, 'Nya Corkery', 'keenan60@example.com', '2025-06-30 00:36:00', '$2y$12$Ik2Wy8abXRviyjoU/GZ5OuFcLtlASl9UrBtDi9sy6z5q7N0Vsdum2', NULL, NULL, NULL, '6j6Zv7FGTl', NULL, NULL, '2025-06-30 00:36:00', '2025-06-30 00:36:00'),
	(8, 'Beverly Kling', 'leonie.larkin@example.net', '2025-06-30 00:36:00', '$2y$12$Ik2Wy8abXRviyjoU/GZ5OuFcLtlASl9UrBtDi9sy6z5q7N0Vsdum2', NULL, NULL, NULL, 'murrPpWrCu', NULL, NULL, '2025-06-30 00:36:00', '2025-06-30 00:36:00'),
	(9, 'Francisco Denesik', 'skiles.rudolph@example.net', '2025-06-30 00:36:00', '$2y$12$Ik2Wy8abXRviyjoU/GZ5OuFcLtlASl9UrBtDi9sy6z5q7N0Vsdum2', NULL, NULL, NULL, 'exa9XIpK9C', NULL, NULL, '2025-06-30 00:36:00', '2025-06-30 00:36:00'),
	(10, 'Curt Heller', 'candelario.grant@example.net', '2025-06-30 00:36:00', '$2y$12$Ik2Wy8abXRviyjoU/GZ5OuFcLtlASl9UrBtDi9sy6z5q7N0Vsdum2', NULL, NULL, NULL, 'mZUlhlR4Fw', NULL, NULL, '2025-06-30 00:36:00', '2025-06-30 00:36:00'),
	(11, 'Ebony Spinka', 'runolfsdottir.tressa@example.com', '2025-06-30 00:36:00', '$2y$12$Ik2Wy8abXRviyjoU/GZ5OuFcLtlASl9UrBtDi9sy6z5q7N0Vsdum2', NULL, NULL, NULL, 'cb0PDqYao8', NULL, NULL, '2025-06-30 00:36:00', '2025-06-30 00:36:00'),
	(12, 'joko', 'joko@gmail.com', NULL, '$2y$12$oFljmRTB1ba5TAjE6JTwCu7uzrbanUnPfp/EmVEc4tD0wY7mfYa1G', NULL, NULL, NULL, NULL, NULL, NULL, '2025-07-03 01:02:40', '2025-07-03 01:02:40'),
	(13, 'tejo', 'tejo@gmail.com', NULL, '$2y$12$iuoOReQfwcOzmoQCLDCqzucsRvqnqD00PBKhO3bpogGA7hfYPC2Yy', NULL, NULL, NULL, NULL, NULL, NULL, '2025-07-03 01:03:04', '2025-07-03 01:03:04'),
	(15, 'paijo', 'paijo@gmail.com', NULL, '$2y$12$Jw.vnlssvjRxl2wMlHvzT.nK7jPzA5bkEgephDbXw28NrpAYW0ZYq', NULL, NULL, NULL, NULL, NULL, NULL, '2025-07-03 18:55:42', '2025-07-03 18:55:42'),
	(16, 'tojo', 'tojo@gmail.cpm', NULL, '$2y$12$jbGJTWnTkLl0eNHSWtRUMubUxTQbpyy4eysbTtVgfQ5l2Sx2.mL8u', NULL, NULL, NULL, NULL, NULL, NULL, '2025-07-03 19:37:18', '2025-07-03 19:37:18'),
	(17, 'peno', 'peno@gmail.com', NULL, '$2y$12$NuTNj2.ApxnR9HMhrqAs1e2fnL0si.rLmGlYBuffpesQIwZIzx83G', NULL, NULL, NULL, NULL, NULL, NULL, '2025-07-03 19:39:36', '2025-07-03 19:39:36');

/*!40103 SET TIME_ZONE=IFNULL(@OLD_TIME_ZONE, 'system') */;
/*!40101 SET SQL_MODE=IFNULL(@OLD_SQL_MODE, '') */;
/*!40014 SET FOREIGN_KEY_CHECKS=IFNULL(@OLD_FOREIGN_KEY_CHECKS, 1) */;
/*!40101 SET CHARACTER_SET_CLIENT=@OLD_CHARACTER_SET_CLIENT */;
/*!40111 SET SQL_NOTES=IFNULL(@OLD_SQL_NOTES, 1) */;
